
-- Database: `coleoptera`
--

-- --------------------------------------------------------

--
-- Table structure for table `classifications`
--

CREATE TABLE `classifications` (
  `id` integer PRIMARY KEY,
  `nom` text UNIQUE NOT NULL
);

--
-- Dumping data for table `classifications`
--

INSERT INTO `classifications` (`id`, `nom`) VALUES
(147, 'CARABIDAE CICINDELINAE'),
(148, 'CARABIDAE CARABINAE'),
(149, 'CARABIDAE CYCHRINAE'),
(150, 'VESPERIDAE VESPERINAE'),
(151, 'CERAMBYCIDAE PRIONINAE'),
(152, 'CERAMBYCIDAE LEPTURINAE'),
(153, 'CERAMBYCIDAE NECYDALINAE'),
(154, 'CERAMBYCIDAE ASEMINAE'),
(155, 'CERAMBYCIDAE SPONDYLIDINAE'),
(156, 'CERAMBYCIDAE CERAMBYCINAE'),
(157, 'CERAMBYCIDAE LAMIINAE'),
(158, 'LUCANOIDEA AESALIDAE AESALINAE'),
(159, 'LUCANOIDEA  AESALIDAE SINODENDRINAE'),
(160, 'LUCANOIDEA LUCANIDAE LUCANINAE'),
(161, 'LUCANOIDEA LUCANIDAE DORCINAE'),
(162, 'SCARABAEOIDEA TROGIDAE'),
(163, 'SCARABAEOIDEA GEOTRUPIDAE BOLBOCERINAE'),
(164, 'SCARABAEOIDEA GEOTRUPIDAE GEOTRUPINAE'),
(169, 'SCARABAEOIDEA APHODIIDAE'),
(170, 'SCARABAEOIDEA SCARABAEIDAE COPRINAE'),
(171, 'SCARABAEOIDEA MELOLONTHIDAE SERICINAE'),
(172, 'SCARABAEOIDEA MELOLONTHIDAE MELOLONTHINAE'),
(173, 'SCARABAEOIDEA MELOLONTHIDAE HOPLIINAE'),
(174, 'SCARABAEOIDEA RUTELIDAE RUTELINAE'),
(176, 'SCARABAEOIDEA DYNASTIDAE'),
(177, 'SCARABAEOIDEA  CETONIIDAE VALGINAE '),
(178, 'SCARABAEOIDEA  CETONIIDAE TRICHIINAE'),
(179, 'SCARABAEOIDEA  CETONIIDAE CETONIINAE'),
(181, 'CARABIDAE SCARITINAE'),
(182, 'SCARABAEOIDEA SCARABAEIDAE SCARABAEINAE');

-- --------------------------------------------------------

--
-- Table structure for table `departements`
--

CREATE TABLE `departements` (
  `code` text PRIMARY KEY,
  `nom` TEXT UNIQUE NOT NULL
);

--
-- Dumping data for table `departements`
--

INSERT INTO `departements` (`code`, `nom`) VALUES
('86', 'Vienne'),
('63', 'Puy-de-Dôme'),
('40', 'Landes'),
('87', 'Haute-Vienne'),
('64', 'Pyrénées-Atlantiques'),
('41', 'Loir-et-Cher'),
('88', 'Vosges'),
('65', 'Hautes-Pyrénées'),
('42', 'Loire'),
('89', 'Yonne'),
('66', 'Pyrénées-Orientales'),
('43', 'Haute-Loire'),
('67', 'Bas-Rhin'),
('44', 'Loire-Atlantique'),
('21', 'Côte-d''Or'),
('68', 'Haut-Rhin'),
('45', 'Loiret'),
('22', 'Côtes d''Armor'),
('69', 'Rhône'),
('46', 'Lot'),
('23', 'Creuse'),
('47', 'Lot-et-Garonne'),
('24', 'Dordogne'),
('01', 'Ain'),
('48', 'Lozère'),
('25', 'Doubs'),
('02', 'Aisne'),
('49', 'Maine-et-Loire'),
('26', 'Drôme'),
('03', 'Allier'),
('27', 'Eure'),
('04', 'Alpes de Hautes-Provence'),
('28', 'Eure-et-Loir'),
('90', 'Territoire-de-Belfort'),
('05', 'Hautes-Alpes'),
('29', 'Finistère'),
('91', 'Essonne'),
('06', 'Alpes-Maritimes'),
('92', 'Hauts-de-Seine'),
('07', 'Ardèche'),
('93', 'Seine-Saint-Denis'),
('08', 'Ardennes'),
('70', 'Haute-Saône'),
('94', 'Val-de-Marne'),
('09', 'Ariège'),
('71', 'Saône-et-Loire'),
('95', 'Val-d''Oise'),
('72', 'Sarthe'),
('73', 'Savoie'),
('50', 'Manche'),
('74', 'Haute-Savoie'),
('51', 'Marne'),
('75', 'Paris'),
('52', 'Haute-Marne'),
('2A', 'Corse-du-Sud'),
('76', 'Seine-Maritime'),
('53', 'Mayenne'),
('2B', 'Haute-Corse'),
('30', 'Gard'),
('77', 'Seine-et-Marne'),
('54', 'Meurthe-et-Moselle'),
('31', 'Haute-Garonne'),
('78', 'Yvelines'),
('55', 'Meuse'),
('32', 'Gers'),
('79', 'Deux-Sèvres'),
('56', 'Morbihan'),
('33', 'Gironde'),
('10', 'Aube'),
('57', 'Moselle'),
('34', 'Hérault'),
('11', 'Aude'),
('58', 'Nièvre'),
('35', 'Ille-et-Vilaine'),
('12', 'Aveyron'),
('59', 'Nord'),
('36', 'Indre'),
('13', 'Bouches-du-Rhône'),
('37', 'Indre-et-Loire'),
('14', 'Calvados'),
('38', 'Isère'),
('15', 'Cantal'),
('39', 'Jura'),
('16', 'Charente'),
('17', 'Charente-Maritime'),
('18', 'Cher'),
('80', 'Somme'),
('19', 'Corrèze'),
('81', 'Tarn'),
('82', 'Tarn-et-Garonne'),
('83', 'Var'),
('60', 'Oise'),
('84', 'Vaucluse'),
('61', 'Orne'),
('85', 'Vendée'),
('62', 'Pas-de-Calais');

-- --------------------------------------------------------

--
-- Table structure for table `especes`
--

CREATE TABLE `especes` (
  `id` integer PRIMARY KEY,
  `nom` text not null,
  `descripteur` text,
  `classification_id` int
);

--
-- Dumping data for table `especes`
--

INSERT INTO `especes` (`id`, `nom`, `descripteur`, `classification_id`) VALUES
(3385, 'Cychrus caraboïdes', 'Linné 1758', 149),
(3386, 'Cychrus attenuatus', 'Fabricius 1792', 149),
(3387, 'Vesperus strepens', '(Fabricius, 1792)', 150),
(3388, 'Iberodorcadion (Iberodorcadion) fuliginator ssp. fuliginator', '(Linné 1758)', 157),
(3389, 'Pedestredorcadion arenarium ssp.subcarinatum', 'Müller 1905', 157),
(3390, 'Mesosa (Mesosa) nebulosa', '(Fabricius 1781)', 157),
(3391, 'Mesosa (Mesosa) curculionides', '(Linné 1761)', 157),
(3392, 'Agapanthia cardui', '(Linné 1767)', 157),
(3393, 'Agapanthia dahli', '(Richter 1821)', 157),
(3394, 'Agapanthia villosoviridescens', '(Degeer 1775)', 157),
(3395, 'Agapanthia violacea', '(Fabricius 1775)', 157),
(3396, 'Calamobius filum', '(Rossi 1790)', 157),
(3397, 'Parmena balteus', '(Linné 1767)', 157),
(3398, 'Parmena solieri ssp.solieri', 'Mulsant 1839', 157),
(3399, 'Albana m-griseum', '(Mulsant 1846)', 157),
(3400, 'Niphona (Niphona) picticornis', 'Mulsant 1839', 157),
(3401, 'Lamia textor', '(Linné 1758)', 157),
(3402, 'Monochamus (Monochamus) galloprovincialis', '(Olivier 1795)', 157),
(3403, 'Monochamus (Monochamus) sartor', '(Fabricius 1787)', 157),
(3404, 'Monochamus (Monochamus) sutor', '(Linné 1758)', 157),
(3405, 'Anaesthetis testacea', '(Fabricius 1781)', 157),
(3406, 'Pogonocherus decoratus', '(Fairmaire 1855)', 157),
(3407, 'Pogonocherus fasciculatus', '(Degeer 1775)', 157),
(3408, 'Pogonocherus hispidulus', '(Piller et Mitterpacher 1783)', 157),
(3409, 'Pogonocherus hispidus', '(Linné 1758)', 157),
(3410, 'Pogonocherus ovatus', '(Goeze 1777)', 157),
(3411, 'Acanthocinus aedilis', '(Linné 1758)', 157),
(3412, 'Acanthocinus reticulatus', '(Razoumowsky 1789)', 157),
(3413, 'Leiopus nebulosus', 'Linné 1758', 157),
(3414, 'Exocentrus adspersus', 'Mulsant 1846', 157),
(3415, 'Exocentrus lusitanus', '(Linné 1767)', 157),
(3416, 'Exocentrus punctipennis', 'Mulsant et Guillebeau 1856', 157),
(3417, 'Aegomorphus clavipes', '(Schrank 1781)', 157),
(3418, 'Saperda carcharias', '(Linné 1758)', 157),
(3419, 'Saperda punctata', '(Linné 1767)', 157),
(3420, 'Saperda populnea', '(Linné 1758)', 157),
(3421, 'Saperda scalaris', '(Linné 1758)', 157),
(3422, 'Menesia bipunctata', '(Zoubkoff 1829)', 157),
(3423, 'Stenostola dubia', '(Laicharting 1784)', 157),
(3424, 'Musaria rubropunctata', '(Goeze 1777)', 157),
(3425, 'Musaria affinis', '(Harrer 1784)', 157),
(3426, 'Opsilia coerulescens', '(Scopoli 1763)', 157),
(3427, 'Phytoecia pustulata', '(Schrank 1776)', 157),
(3428, 'Phytoecia cylindrica', '(Linné 1758)', 157),
(3429, 'Phytoecia nigricornis', '(Fabricius 1781)', 157),
(3430, 'Oberea (Oberea) linearis', '(Linné 1761)', 157),
(3431, 'Oberea (Oberea) oculata', '(Linné 1758)', 157),
(3432, 'Oberea (Oberea) pupillata', '(Gyllenhal 1817)', 157),
(3433, 'Tetrops starkii', 'Chevrolat 1859.', 157),
(3434, 'Tetrops praeustus', '(Linné 1758)', 157),
(4470, 'Stenostola ferrea ', '(Schrank 1776)', 157),
(3436, 'Iberodorcadion (Hispanodorcadion) molitor', 'Fabricius 1775', 157),
(3437, 'Sinodendron cylindricum', '(Linné,1735)', 159),
(3438, 'Systenocerus caraboïdes', '(Linné,1735)', 161),
(3439, 'Systenocerus caprea', '(Degeer,1781)', 161),
(3440, 'Dorcus parallelipipedus', '(Linné,1735)', 161),
(3441, 'Trox perlatus', '(Geoffroy, 1762)', 162),
(3442, 'Trox scaber', '(Linné, 1767)', 162),
(3443, 'Trox sabulosus', '(Linné, 1758)', 162),
(3444, 'Trox hispidus', '(Pontoppidan, 1763)', 162),
(3445, 'Typhoeus typhoeus', '(Linné, 1758)', 164),
(3446, 'Anoplotrupes stercorosus', '(Scriba, 1796)', 164),
(3447, 'Trypocopris pyrenaeus', '(Charpentier, 1825)', 164),
(3448, 'Trypocopris vernalis', '(Linné, 1758)', 164),
(3449, 'Geotrupes mutator', 'Marsham, 1802', 164),
(3450, 'Geotrupes spiniger', 'Marsham, 1802', 164),
(3451, 'Geotrupes stercorarius', '(Linné, 1758)', 164),
(3452, 'Sericotrupes niger', '(Marsham, 1802)', 164),
(3453, 'Aphodius (Colobopterus) erraticus', '(Linné, 1758)', 169),
(3454, 'Aphodius (Coprimorphus) scrutator', '(Herbst, 1789)', 169),
(3455, 'Aphodius (Eupleurus) subterraneus', '(Linné, 1758)', 169),
(3456, 'Aphodius (Otophorus) haemorrhoïdalis', '(Linné, 1758)', 169),
(3457, 'Aphodius (Teuchestes)  fossor', '(Linné, 1758)', 169),
(3458, 'Aphodius (Ammoecius) elevatus', '(Olivier, 1789)', 169),
(3459, 'Aphodius (Ammoecius) brevis', '(Erichson, 1848)', 169),
(3460, 'Aphodius (Limarus) zenkeri', 'Germar, 1813', 169),
(3461, 'Aphodius (Limarus) maculatus', 'Sturm, 1800', 169),
(3462, 'Aphodius (Acrossus) rufipes', '(Linné, 1758)', 169),
(3463, 'Aphodius (Acrossus) laticollis', 'Baudi, 1870', 169),
(3464, 'Aphodius (Acrossus) luridus', '(Fabricius, 1775)', 169),
(3465, 'Aphodius (Acrossus) depressus', '(Kugelann, 1792)', 169),
(3466, 'Aphodius (Biralus) satellitius', '(Herbst, 1789)', 169),
(3467, 'Aphodius (Euorodalus) coenosus', '(Panzer, 1798)', 169),
(3468, 'Aphodius (Esymus) pusillus', '(Herbst, 1789)', 169),
(3469, 'Aphodius (Nimbus) obliteratus', 'Panzer, 1823', 169),
(3470, 'Aphodius (Nimbus) contaminatus', '(Herbst, 1783)', 169),
(3471, 'Aphodius (Chilothorax) sticticus', '(Panzer, 1798)', 169),
(3472, 'Aphodius (Chilothorax) distinctus', '(O.F.Müller, 1798)', 169),
(3473, 'Aphodius (Melinopterus) sphacelatus', '(Panzer, 1798)', 169),
(3474, 'Aphodius (Melinopterus) prodromus', '(Brahm, 1790)', 169),
(3475, 'Aphodius (Melinopterus) consputus', 'Creutzer, 1799', 169),
(3476, 'Aphodius (Amidorus) obscurus', '(Fabricius, 1792)', 169),
(3477, 'Aphodius (Trichonotulus) scrofa', '(Fabricius, 1787)', 169),
(3479, 'Aphodius (Phalacronothus) biguttatus', '(Germar,1824)', 169),
(3480, 'Aphodius (Parammoecius) corvinus', 'Erichson, 1848', 169),
(3481, 'Aphodius (s.str.) foetidus', '(Herbst, 1783)', 169),
(3482, 'Aphodius (s.str.) fimetarius', '(Linné, 1758)', 169),
(3483, 'Aphodius (s.str.) foetens', '(Fabricius, 1787)', 169),
(3484, 'Aphodius (Planolinus) borealis', 'Gyllenhall, 1827', 169),
(3485, 'Aphodius (Agrilinus) ater', '(Degeer, 1774)', 169),
(3486, 'Aphodius (Agrilinus) constans', 'Duftschmidt, 1805', 169),
(3487, 'Aphodius (Agrilinus) scybalarius', '(Fabricius, 1781)', 169),
(3488, 'Aphodius (Oromus) alpinus', '(Scopoli, 1763)', 169),
(3489, 'Aphodius (Acanthobodilus) immundus', 'Creutzer, 1799', 169),
(3490, 'Aphodius (Bodilus) ictericus', '(Laicharting, 1781)', 169),
(3491, 'Aphodius (Liothorax) muscorum', 'Adam, 1994', 169),
(3492, 'Aphodius (Nialus) varians', 'Duftschmidt, 1805', 169),
(3493, 'Aphodius (Calamosternus) granarius', '(Linné, 1767)', 169),
(3494, 'Oxyomus silvestris', '(Scopoli, 1763)', 169),
(4468, 'Iberodorcadion (Iberodorcadion) fuliginator ssp. meridionale', '(Mulsant 1839)', 157),
(4467, 'Prionus coriarius', '(Linné 1758)', 151),
(3497, 'Bubas bubalus', '(Olivier, 1811)', 170),
(3499, 'Copris lunaris', '(Linné, 1758)', 170),
(3500, 'Euoniticellus fulvus', '(Goeze, 1777)', 170),
(3501, 'Euoniticellus pallipes', '(Fabricius, 1781)', 170),
(3502, 'Caccobius schreberi', '(Linné, 1767)', 170),
(3503, 'Onthophagus (s.str.) illyricus', '(Scopoli, 1763)', 170),
(3504, 'Onthophagus (s.str.) taurus', '(Schreber, 1759)', 170),
(3505, 'Onthophagus (Parentius) emarginatus', 'Mulsant, 1842', 170),
(3506, 'Onthophagus (Furconthophagus) furcatus', '(Fabricius, 1781)', 170),
(3507, 'Onthophagus (Trichonthophagus) maki', '(Illiger, 1803)', 170),
(3508, 'Onthophagus (Palaeonthophagus) verticicornis', '(Laicharting, 1781)', 170),
(3509, 'Onthophagus (Palaeonthophagus) ruficapillus', 'Brullé, 1832', 170),
(3510, 'Onthophagus (Palaeonthophagus) ovatus', '(Linné, 1767)', 170),
(3511, 'Onthophagus (Palaeonthophagus) joannae', 'Goljan, 1953', 170),
(3512, 'Onthophagus (Palaeonthophagus) baraudi', 'Nicolas, 1964', 170),
(3513, 'Onthophagus (Palaeonthophagus) coenibita', '(Herbst, 1783)', 170),
(3514, 'Onthophagus (Palaeonthophagus) similis', '(Scriba, 1790)', 170),
(3515, 'Onthophagus (Palaeonthophagus) fracticornis', '(Preyssler, 1790)', 170),
(3516, 'Onthophagus (Palaeonthophagus) lemur', '(Fabricius, 1781)', 170),
(3517, 'Onthophagus (Palaeonthophagus) vacca', '(Linné, 1767)', 170),
(3518, 'Onthophagus (Palaeonthophagus) nuchicornis', '(Linné, 1758)', 170),
(3519, 'Hoplia (Decamera) philanthus', 'Füessly, 1775', 173),
(3520, 'Hoplia (Decamera) praticola', 'Duftschmidt, 1805', 173),
(3521, 'Hoplia (s.str.) argentea', '(Poda, 1761)', 173),
(3522, 'Hoplia (s.str.) coerulea', '(Drury, 1773)', 173),
(3523, 'Anisoplia s.str.) remota', 'Reitter, 1889', 174),
(3524, 'Anisoplia (s.str.) villosa', '(Goeze, 1777)', 174),
(3525, 'Anisoplia (s.str.) tempestiva', 'Erichson, 1847', 174),
(3526, 'Anomala (s.str.) ausonia', 'Erichson, 1847', 174),
(3527, 'Anomala (s.str.) dubia', '(Scopoli, 1763)', 174),
(3528, 'Phyllopertha horticola', '(Linné, 1758)', 174),
(3529, 'Exomala (Neoblitopertha) succincta', '(Castelnau 1840)', 174),
(3530, 'Pentodon bidens ssp.punctatum', '(Villers, 1789)', 176),
(3531, 'Pentodon algerinum', '(Herbst, 1789)', 176),
(3532, 'Phyllognathus excavatus', '(Forster, 1771)', 176),
(3533, 'Oryctes nasicornis ssp.laevigatus', 'Heer, 1841', 176),
(3534, 'Oryctes nasicornis ssp.nasicornis', '(Linné, 1746)', 176),
(3535, 'Tropinota hirta', '(Poda, 1761)', 179),
(3536, 'Oxythyrea funesta', '(Poda, 1761)', 179),
(3537, 'Cetonia aurata ssp.aurata', '(Linné, 1761)', 179),
(3538, 'Cetonia aurata ssp.pisana', 'Heer, 1841', 179),
(3539, 'Cetonischema aeruginosa', '(Drury, 1770)', 179),
(3540, 'Liocola lugubris', '(Herbst, 1786)', 179),
(3541, 'Eupotosia affinis', '(Andersch, 1797)', 179),
(3542, 'Netocia (Potosia) opaca', '(Fabricius, 1787)', 179),
(3543, 'Netocia cuprea ssp.bourgini', '(Ruter, 1967)', 179),
(3544, 'Netocia cuprea ssp.metallica', '(Herbst, 1782)', 179),
(3545, 'Netocia cuprea ssp.olivacea', '(Mulsant, 1842)', 179),
(3546, 'Netocia fieberi', '(Kraatz, 1880)', 179),
(3547, 'Netocia oblonga', '(Gory et Percheron, 1833)', 179),
(3548, 'Netocia morio', '(Fabricius, 1781)', 179),
(3549, 'Calosoma sycophanta', 'Linné 1758', 148),
(3550, 'Carabus (Tachypus) auratus auratus', 'Linné, 1761', 148),
(3553, 'Carabus (Carabus) granulatus granulatus', 'Linné, 1758', 148),
(3556, 'Carabus (Limnocarabus) clathratus (stygius) arelatensis', 'Lapouge, 1903', 148),
(3557, 'Carabus (Pachytus) cristoforii', 'Spence, 1833', 148),
(3558, 'Carabus (Carabus) arvensis sylvaticus', 'Dejean, 1826', 148),
(3562, 'Carabus (Morphocarabus) monilis monilis', 'Fabricius, 1792', 148),
(3568, 'Carabus (Archicarabus) nemoralis (nemoralis) nemoralis', 'Müller O.F., 1764', 148),
(3573, 'Carabus (Archicarabus) nemoralis (prasinotinctus) prasinotinctus', 'Heyden,1880', 148),
(3574, 'Carabus (Pachystus) glabratus glabratus', 'Paykull, 1790', 148),
(3575, 'Carabus (Oreocarabus) baudii stecki', 'Born, 1902', 148),
(3576, 'Carabus (Oreocarabus) fairmairei fairmairei', 'Thomson C.G., 1875', 148),
(3577, 'Carabus (Oreocarabus) pedemontanus (vesubianus) vesubianus', 'Deuve, 2002', 148),
(3578, 'Carabus (Mesocarabus) problematicus solutus', 'Oberthür, 1885', 148),
(3584, 'Carabus (Mesocarabus) problematicus inflatus', 'Kraatz 1878', 148),
(3585, 'Carabus (Mesocarabus) lusitanicus (brabeus) brabeus      ', 'Schaufuss, 1862', 148),
(3586, 'Carabus (Procrustes) coriaceus (coriaceus) coriaceus', 'Linné, 1758', 148),
(3590, 'Carabus (Megodontus) violaceus (purpurascens) purpurascens    ', 'Fabricius, 1787', 148),
(3593, 'Carabus (Megodontus) violaceus (purpurascens) bicinctus', 'Born, 1905', 148),
(3594, 'Carabus (Megodontus) violaceus (violaceus) meyeri', 'Born, 1898', 148),
(3595, 'Carabus (Hygrocarabus) nodulosus', 'Creutzer, 1799', 148),
(3596, 'Carabus (Chaetocarabus) intricatus (intricatus) intricatus', 'Linné, 1761', 148),
(3599, 'Carabus (Chrysocarabus) hispanus', 'Fabricius 1787', 148),
(3600, 'Carabus (Chrysocarabus) rutilans rutilans', 'Dejean, 1826', 148),
(3601, 'Carabus (Chrysocarabus) solieri (bonnetianus) bonnetianus', 'Colas, 1937', 148),
(3602, 'Carabus (Chrysocarabus) auronitens (auronitens) cupreonitens', 'Chevrolat, 1861', 148),
(3603, 'Carabus (Chrysocarabus) auronitens auronitens', 'Fabricius, 1792', 148),
(3609, 'Carabus (Chrysocarabus) auronitens (farinesi) barthei', 'Barthe, 1912', 148),
(3610, 'Carabus (Chrysocarabus) splendens', 'Olivier 1790', 148),
(3612, 'Carabus (Platycarabus) depressus depressus', 'Bonelli, 1811', 148),
(3613, 'Carabus (Platycarabus) irregularis irregularis', 'Fabricius, 1792', 148),
(3623, 'Prinobius myardi', 'Mulsant 1842', 151),
(3624, 'Ergates faber', '(Linné 1761)', 151),
(3625, 'Asemum striatum', '(Linné 1758)', 154),
(3629, 'Tetropium fuscum', '(Fabricius 1787)', 154),
(3632, 'Tetropium castaneum', '(Linné 1758)', 154),
(3638, 'Arhopalus rusticus', '(Linné 1758)', 154),
(3644, 'Arhopalus ferus', '(Mulsant 1839)', 154),
(3645, 'Spondylis buprestoïdes', '(Linné 1758)', 155),
(3651, 'Rhagium (Rhagium) inquisitor', '(Linné 1758)', 152),
(3657, 'Rhagium (Hagrium) bifasciatum', 'Fabricius 1775', 152),
(3662, 'Rhagium (Megarhagium) mordax', '(Degeer 1775)', 152),
(3668, 'Rhagium (Megarhagium) sycophanta', '(Schrank 1781)', 152),
(3673, 'Oxymirus cursor', '(Linné 1758)', 152),
(3676, 'Stenochorus meridianus', '(Linné 1758)', 152),
(3680, 'Anisorus quercus', '(Goeze 1783)', 152),
(3681, 'Pachyta quadrimaculata', '(Linné 1758)', 152),
(3684, 'Brachyta interrogationis', '(Linné 1758)', 152),
(3686, 'Evodinus clathratus', '(Fabricius 1792)', 152),
(3688, 'Acmaeops pratensis', '(Laicharting 1784)', 152),
(3689, 'Gaurotes (Carilia) virginea', '(Linné 1758)', 152),
(3693, 'Dinoptera collaris', '(Linné 1758)', 152),
(3697, 'Cortodera humeralis', '(Schaller 1783)', 152),
(3699, 'Grammoptera abdominalis', '(Stephens 1831)', 152),
(3700, 'Grammoptera ruficornis', '(Fabricius 1781)', 152),
(3701, 'Grammoptera ustulata', '(Schaller 1783)', 152),
(3705, 'Pidonia (Pidonia) lurida', '(Fabricius 1792)', 152),
(3708, 'Lepturobosca virens', '(Linné 1758)', 152),
(3709, 'Leptura aethiops', 'Poda 1761', 152),
(3711, 'Leptura aurulenta', 'Fabricius 1792', 152),
(3720, 'Leptura quadrifasciata', 'Linné 1758', 152),
(3723, 'Anastrangalia dubia', '(Scopoli 1763)', 152),
(3728, 'Anastrangalia sanguinolenta', '(Linné 1761)', 152),
(3730, 'Stictoleptura cordigera', '(Füsslins 1775)', 152),
(3732, 'Stictoleptura fontenayi', '(Mulsant 1839)', 152),
(3733, 'Stictoleptura fulva', '(Degeer 1775)', 152),
(3737, 'Stictoleptura hybrida', '(Rey 1885)', 152),
(3739, 'Stictoleptura maculicornis', '(Degeer 1775)', 152),
(3742, 'Stictoleptura rubra', '(Linné 1758)', 152),
(3748, 'Stictoleptura scutellata', '(Fabricius 1781)', 152),
(3755, 'Stictoleptura trisignata', '(Fairmaire 1852)', 152),
(3756, 'Anoplodera rufipes', '(Schaller 1783)', 152),
(3759, 'Anoplodera sexguttata', '(Fabricius 1775)', 152),
(3763, 'Pachytodes cerambyciformis', '(Schrank 1781)', 152),
(3766, 'Alosterna tabacicolor', '(Degeer 1775)', 152),
(3768, 'Pseudovadonia livida', '(Fabricius 1776)', 152),
(3773, 'Rutpela maculata', '(Poda 1761)', 152),
(3775, 'Stenurella bifasciata', '(Müller 1766)', 152),
(3779, 'Stenurella nigra', '(Linné 1758)', 152),
(3781, 'Stenurella melanura', '(Linné 1758)', 152),
(3782, 'Trichoferus holosericeus', '(Rossi 1790)', 156),
(3783, 'Trichoferus pallidus', '(Olivier 1790)', 156),
(3785, 'Cerambyx cerdo', 'Linné 1758', 156),
(3786, 'Cerambyx miles', 'Bonelli 1823', 156),
(3787, 'Cerambyx welensii', '(Küster 1846)', 156),
(3788, 'Cerambyx scopolii', 'Füsslins 1775', 156),
(3790, 'Rosalia alpina', '(Linné 1758)', 156),
(3791, 'Purpuricenus budensis', '(Goeze 1783)', 156),
(3792, 'Purpuricenus kaehleri', '(Linné 1758)', 156),
(3795, 'Obrium brunneum', '(Fabricius 1792)', 156),
(3798, 'Glaphyra umbellatarum', '(Schreber 1759)', 156),
(3801, 'Molorchus minor', '(Linné 1758)', 156),
(3804, 'Stenopterus ater', '(Linné 1767)', 156),
(3805, 'Stenopterus rufus', '(Linné 1767)', 156),
(3809, 'Aromia moschata', '(Linné 1758)', 156),
(3817, 'Deilus fugax', '(Olivier 1790)', 156),
(3818, 'Cartallum ebullinum', '(Linné 1767)', 156),
(3819, 'Ropalopus (Ropalopus) clavipes', '(Fabricius 1775)', 156),
(3820, 'Ropalopus (Ropalopus) femoratus', '(Linné 1758)', 156),
(3824, 'Hylotrupes bajulus', '(Linné 1758)', 156),
(3829, 'Callidium aeneum', '(Degeer 1775)', 156),
(3830, 'Callidium violaceum', '(Linné 1758)', 156),
(3834, 'Pyrrhidium sanguineum', '(Linné 1758)', 156),
(3836, 'Phymatodes testaceus', '(Linné 1758)', 156),
(3841, 'Poecilium alni', '(Linné 1767)', 156),
(3846, 'Poecilium pusillum', '(Fabricius 1787)', 156),
(3850, 'Poecilium rufipes', '(Fabricius 1776)', 156),
(3852, 'Xylotrechus (Xylotrechus) antilope', '(Schönherr 1817)', 156),
(3857, 'Xylotrechus (Xylotrechus) arvicola', '(Olivier 1795)', 156),
(3859, 'Xylotrechus (Xylotrechus) rusticus', '(Linné 1758)', 156),
(3865, 'Clytus arietis', '(Linné 1758)', 156),
(3867, 'Clytus lama', 'Mulsant 1847', 156),
(3869, 'Plagionotus arcuatus', '(Linné 1758)', 156),
(3873, 'Plagionotus detritus', '(Linné 1758)', 156),
(3879, 'Pseudosphegesthes cinerea', '(Castelnau & Gory 1836)', 156),
(3880, 'Chlorophorus figuratus', '(Scopoli 1763)', 156),
(3883, 'Chlorophorus sartor', '(Müller 1766)', 156),
(3887, 'Chlorophorus trifasciatus', '(Fabricius 1781)', 156),
(3889, 'Chlorophorus varius', '(Müller 1766)', 156),
(3891, 'Anaglyptus (Anaglyptus) mysticus', '(Linné 1758)', 156),
(3895, 'Pachytodes erraticus', '(Dalman 1817)', 152),
(4018, 'Ceruchus chrysomelinus', '(Hochenwart,1785)', 158),
(4021, 'Lucanus cervus', '(Linné,1735)', 160),
(4027, 'Lucanus tetraodon ssp.provincialis', 'Colas,1949', 160),
(4053, 'Odontaeus armiger', '(Scopoli, 1772)', 163),
(4054, 'Bolbelasmus gallicus', '(Mulsant, 1842)', 163),
(4294, 'Triodonta bucculenta', 'Baraud, 1962', 171),
(4295, 'Homaloplia ruricola', '(Fabricius, 1775)', 171),
(4297, 'Amphimallon assimile', '(Herbst 1790)', 172),
(4298, 'Amphimallon atrum', '(Herbst, 1790)', 172),
(4303, 'Amphimallon solstitiale', '(Linné, 1758)', 172),
(4307, 'Amphimallon pini', '(Olivier, 1789)', 172),
(4308, 'Rhizotrogus maculicollis', 'Villa, 1833', 172),
(4309, 'Anoxia (Mesanoxia) australis', '(Schönherr, 1817)', 172),
(4310, 'Anoxia (s.str.) villosa', '(Fabricius, 1781)', 172),
(4312, 'Polyphylla fullo', '(Linné, 1758)', 172),
(4316, 'Melolontha hippocastani', '(Fabricius, 1801)', 172),
(4318, 'Melolontha melolontha', '(Linné, 1758)', 172),
(4362, 'Valgus hemipterus', '(Linné, 1758)', 177),
(4367, 'Gnorimus nobilis', '(Linné, 1758)', 178),
(4374, 'Gnorimus variabilis', '(Linné, 1758)', 178),
(4375, 'Trichius fasciatus', '(Linné, 1758)', 178),
(4379, 'Trichius rosaceus', '(Voet, 1769)', 178),
(4383, 'Trichius sexualis', 'Bedel, 1906', 178),
(4436, 'Calosoma inquisitor', 'Linné 1758', 148),
(4442, 'Carabus (Oreocarabus) sylvestris (guycolasi) guycolasi', 'Deuve et Simard, 1976', 148),
(4448, 'Carabus (Tachypus) cancellatus (cancellatus) cancellatus', 'Illiger, 1798', 148),
(4450, 'Hoplia (s.str.) christinae', 'Baraud, 1967', 173),
(4451, 'Carabus (Chrysocarabus) auronitens (festivus) festivus', 'Dejean, 1826', 148),
(4453, 'Iberodorcadion (Iberodorcadion) fuliginator ssp. monticola', '(Mulsant 1853)', 157),
(4469, 'Morimus asper ', '(Sulzer 1776)', 157),
(4486, 'Osmoderma eremita', '(Scopoli 1763)', 178),
(4460, 'Aphodius (s.str.) conjugatus', '(Panzer, 1795)', 169),
(4461, 'Aesalus scaraboïdes', '(Panzer,1794)', 158),
(4464, 'Scarites buparius', '(Forster, 1771)', 181),
(4465, 'Scarabaeus sacer', 'Linné,1758', 182),
(4466, 'Scarabaeus semipunctatus', 'Fabricius,1792', 182),
(4471, 'Agapanthia kirbyi', '(Gyllenhal 1817)', 157),
(4472, 'Amphimallon ruficorne', '(Fabricius, 1775)', 172),
(4473, 'Eupotosia mirifica', '(Mulsant, 1842)', 179),
(4474, 'Copris hispanus', '(Linné, 1764)', 170),
(4475, 'Agapanthia asphodeli', '(Latreille 1804)', 157),
(4476, 'Clytus rhamni', 'Germar 1817', 156),
(4477, 'Aphodius (Sigorus) porcus', '(Fabricius)', 169),
(4478, 'Leiopus linnei', 'Wallin,Nylander & Kvamme 2009', 157),
(4479, 'Onthophagus (Palaeonthophagus) medius', '(Kugelann, 1792)', 170),
(4480, 'Brachyta borni', '(Ganglbauer 1903', 152),
(4481, 'Clytus tropicus', '(Panzer 1795)', 156),
(4482, 'Sisyphus schaefferi', '(Linné, 1758)', 182),
(4484, 'Aphodius (Eudolus) quadriguttatus', '(Herbst,1783)', 169),
(4485, 'Aphodius (Chilothorax) conspurcatus', '(Linné, 1758)', 169),
(4487, 'Aphodius (Planolinus) uliginosus', '(Hardy, 1847)', 169),
(4488, 'Callidiellum rufipenne', '(Motschulsky 1860)', 156),
(4489, 'Amphimallon majale', '(Razoumowsky,1789)', 172),
(4490, 'Euheptaulacus carinatus', '(Germar,1824)', 169),
(4491, 'Aphodius (Neagolius) schlumbergeri', '(Seidlitz, 1881)', 169),
(4492, 'Rhizotrogus cicatricosus', 'Mulsant, 1842', 172),
(4493, 'Scarabaeus laticollis', 'Linné, 1767', 182),
(4494, 'Onitis belial', 'Fabricius, 1798', 170),
(4495, 'Cetonia (Cetonia) carthami', 'Gory et Percheron, 1833', 179),
(4496, 'Thorectes geminatus', '(Géné, 1839)', 164),
(4497, 'Carabus (Megodontus) violaceus (purpurascens) pseudomuelleri', 'Codina, 1921', 148);

-- --------------------------------------------------------

--
-- Table structure for table `individus`
--

CREATE TABLE `individus` (
  `id` integer primary key,
  `espece_id` int,
  `date` date ,
  `sexe` text ,
  `altitude` integer ,
  `commentaire` text,
  `site_id` integer ,
  `recolteur_id` integer,
  utm text
);

--
-- Dumping data for table `individus`
--

INSERT INTO `individus` (`id`, `espece_id`, `date`, `sexe`, `altitude`, `commentaire`, `site_id`, `recolteur_id`, `utm`) VALUES
(2759, 3568, '1987-04-10', 'M', 350, 'Après-midi.Temps doux. Dans levée de terre d''une souche renversée. Taillis sous futaie (Chênes,Hêtres)', 2121, 1867, ''),
(2760, 3568, '1996-10-26', 'M', 390, 'Sous la mousse, dans la terre au pied d''une souche renversée. En forêt.', 2125, 1867, ''),
(2761, 3568, '1996-11-10', 'F', 370, 'Sous la mousse d''un vieux tronc à terre. En forêt sur sol calcaire. ', 2138, 1867, ''),
(2762, 3568, '1996-12-01', 'M', 500, 'Sous la mousse d''une levée de terre. En forêt.', 2139, 1867, ''),
(2763, 3573, '1999-11-01', 'M', 1040, 'Souche moussue. Hêtraie sur versant N-O', 2140, 1875, ''),
(2764, 3574, '1993-08-07', 'F', 1200, 'Après-midi.Beau temps chaud. A découvert sur pelouse', 2141, 1867, ''),
(2765, 3575, '1975-07-12', 'M', 2450, 'Sous les pierre d''une combe à neige', 2142, 1875, ''),
(2766, 3576, '1984-07-09', 'M', 2200, NULL, 2143, 1875, NULL),
(2767, 3577, '1976-07-10', 'M', 2000, NULL, 2144, 1875, NULL),
(2768, 3578, '1972-07-12', 'F', 350, 'Après-midi.Beau temps. Sous l''écorce d''un Epicéa mort sur pied. Pessière', 2145, 1867, ''),
(2769, 3578, '1974-03-20', 'F', 500, 'Dans tronc carié de Hêtre couché. En forêt', 2139, 1867, ''),
(2770, 3578, '1996-10-17', 'F', 500, 'Temps humide,frais. Dans carie à la surface d'' un vieux tronc de Pin,sous la mousse. Lisière de forêt sur sol grèseux.', 2147, 1867, ''),
(2771, 3578, '1996-10-26', 'M', 390, 'Dans souche pourrie d''Epicéa. En forêt (Petite pessière)', 2125, 1867, ''),
(2772, 3578, '1996-12-01', 'M', 500, 'Sous la mousse d''une levée de terre. En forêt', 2139, 1867, ''),
(2773, 3578, '1996-12-15', 'M', 700, 'Sous la mousse en surplomb d''un chemin. En forêt', 2150, 1867, ''),
(2774, 3584, '1976-07-23', 'M', 1900, NULL, 2151, 1875, NULL),
(2775, 3585, '1979-07-19', 'M', 1177, 'Redoute de château', 2152, 1875, ''),
(2776, 3586, '1996-08-17', 'F', 390, 'Après-midi.Beau temps chaud. Sous une bûche en forêt de feuillus', 2125, 1876, ''),
(2777, 3586, '1996-11-03', 'F', 420, 'Sous la mousse d''une petite levée de terre. En forêt sur colline calcaire', 2154, 1867, ''),
(2778, 3586, '1999-05-23', 'F', 430, 'Après-midi.Beau temps chaud. Sur chemin caillouteux, mangeant une Limace. En forêt', 2155, 1876, ''),
(2779, 3586, '2003-11-26', 'M', 365, 'Sous la mousse d''une petite levée de terre en lisière de forêt', 2156, 1867, ''),
(2780, 3590, '1996-10-17', 'M', 500, 'Temps humide et frais. Dans la carie de surface d''un vieux tronc de Pin couché. En forêt sur sol grèseux', 2147, 1867, ''),
(2781, 3590, '1996-11-03', 'M', 420, 'Sous la mousse, dans la terre des racines d''un arbre déraciné. Forêt sur sol calcaire', 2154, 1867, ''),
(2782, 3590, '1996-11-10', 'F', 370, 'Dans une vielle souche. Forêt sur sol calcaire', 2138, 1867, ''),
(2783, 3593, '1978-08-15', 'M', 420, NULL, 2160, 1875, NULL),
(2784, 3594, '1997-08-20', 'M', 1150, 'Après-midi.Temps plus ou moins pluvieux. Dans une vielle souche de résineux, en forêt ', 2161, 1867, ''),
(2785, 3595, '1987-03-29', 'M', 400, 'Temps frais,couvert et humide. Petit mâle:en loge,dans un tronc moussu couché au bord d''un ruisseau. Grand mâle;sous la mousse d''une grosse pierre au bord du ruisseau. Forêt mélangée', 2162, 1867, ''),
(2786, 3596, '1996-10-17', 'M', 500, 'Temps humide et frais. Dans la carie de surface d''un vieux de Pin couché. Lisière d''une ancienne coupe sur sol grèseux', 2147, 1867, ''),
(2787, 3596, '1998-03-18', 'F', 600, 'Après-midi.Temps doux. Dans une vieille bille de résineux. Versant Est en bordure de la Savoureuse. Forêt mélangée', 2141, 1867, ''),
(2788, 3596, '1999-08-13', 'M', 700, 'Temps plus ou moins couvert et frais. Sous l''écoce déhiscente d''un résineux sur pied. Forêt mélangée', 2141, 1867, ''),
(2789, 3599, '1982-08-15', 'F', 0, NULL, 2166, 1875, NULL),
(2790, 3600, '1988-08-04', 'M', 700, 'Dans piège à bière. Forêt de Chataîgniers surtout', 2167, 1875, ''),
(2791, 3601, '1976-03-30', 'M', NULL, 'En loges dans un talus. Forêt de Chataîgniers (Exposition Nord)', 2168, 1875, ''),
(2792, 3602, '1966-10-12', 'M', NULL, '', 2169, 2779, ''),
(2793, 3603, '1973-12-27', 'M', 530, 'Dans une vielle bûche de Chêne. En forêt de feuillus', 2139, 1867, ''),
(2794, 3603, '1975-10-26', 'M', 800, 'Après-midi.Temps ensoleillé,doux. En loge dans une vielle souche. En forêt', 2141, 1867, ''),
(2795, 3603, '1996-08-26', 'F', 390, 'var.ignifer. Après-midi.Temps plus ou moins couvert. Dans une souche pourrie. En forêt sur sol calcaire', 2125, 1867, ''),
(2796, 3603, '1997-02-23', 'F', 400, 'var.ignifer. Dans une souche pourrie en forêt de feuillus (Chênes,Hêtres...)', 2173, 1867, ''),
(2797, 3603, '1997-10-22', 'F', 300, 'Après-midi.Temps doux,nuageux. Dans une vielle souche. Forêt de feuillus sur sol calcaire', 2128, 1867, ''),
(2798, 4451, '1999-11-01', 'F', 720, 'Beau temps frais. Grande forêt de feuillus (Chataîgniers...) Sous l''écorce moussue d''un Saule mort. Versant N-O', 2175, 1875, ''),
(2799, 3609, '1981-10-31', 'F', 900, NULL, 2176, 2778, NULL),
(2800, 3610, '1974-03-29', 'F', 0, 'En loge,sous la mousse dans une vielle souche décomposée en surface. Forêt de feuillus mélangés', 2177, 1875, ''),
(2801, 3610, '1979-07-11', 'M', 300, 'Au piège. Forêt de feuillus(Chênes et Chataîgniers)', 2178, 1875, ''),
(2802, 3612, '1974-07-22', 'F', 1940, 'Traversant un sentier dans pelouse alpine', 2179, 1875, ''),
(2803, 3613, '1997-08-20', 'M', 1150, 'Après-midi.Temps plus ou moins pluvieux. Sous l''écorce d''une vieille souche d''Epicéa', 2161, 1867, ''),
(2804, 3613, '1997-08-31', 'M', 600, 'Beau temps chaud. Dans une souche pourrie d''Epicéa. Bois mélangé sur coteau calcaire', 2181, 1867, ''),
(2805, 3386, '1996-08-17', 'F', 390, 'Après-midi.Beau temps chaud. Sous une bûche. Forêt de feuillus', 2125, 1867, ''),
(2806, 3386, '1997-09-20', 'F', 390, 'Temps doux plus ou moins couvert. Dans une vieille souche. Lisière de forêt', 2183, 1867, ''),
(2807, 3386, '1999-08-25', 'F', 430, 'Après-midi.Beau temps chaud. Sous une pierre plate.. Forêt sur colline calcaire', 2155, 1867, ''),
(2808, 3385, '1999-10-13', 'F', 900, 'Dans un tronc décomposé de Cônifère. Forêt mélangée', 2141, 1867, ''),
(2809, 3387, '1976-07-09', 'M', 0, NULL, 2186, 1875, NULL),
(2810, 4467, '1968-08-25', 'M', 550, 'Après-midi.Sur une vieille souche moussue.En bordure d''un bois de Résineux', 2187, 1867, ''),
(2811, 4467, '1975-07-29', 'M', 460, 'Dans sa loge nymphale (encore immature).Partie souterraine d''une grosse souche de Hêtre déterrée et laissée sur place', 2139, 1867, ''),
(2812, 4467, '1996-07-28', 'F', 280, 'Soir (vers 22H).Beau temps.Sur des bûches de Châtaigniers.Bord de route en forêt', 3004, 1867, ''),
(2813, 3623, '1970-07-03', 'M', NULL, 'Soir.Sur un Chêne-liège', 2190, 1875, ''),
(2814, NULL, '2000-08-10', 'M', 20, '', NULL, 1876, ''),
(2815, 3625, '1972-06-18', 'F', 450, 'Après-midi.sur la base d''un Pin.Forêt de feuillus avec une petite plantation de Pins sylvestres', 2139, 1867, ''),
(2816, 3625, '1974-04-29', 'F', 450, 'Eclos de la base d''un petit Pin mort sur pied', 2139, 1867, ''),
(2817, 3625, '1994-04-23', 'F', 235, 'Après-midi.Beau temps.A la base d''un petit Charme.Forêt de feuillus avec quelques Pins', 2133, 1867, ''),
(2818, 3625, '2002-06-12', 'F', 450, 'Après-midi.Beau temps chaud.Sur une souche d''Epicéa.Dans une coupe en lisière de forêt', 2195, 1876, ''),
(2819, 3629, '1999-06-11', 'F', 325, 'En loge,immature,dans l''écorce d''un grand Epicéa mort sur pied (à la base,au niveau du sol).Petit bois de feuillus avec quelques vieux Epicéas', 2196, 1876, ''),
(2820, 3629, '1999-06-22', 'F', 325, 'En loge,immature,dans l''écorce d''un grand Epicéa mort sur pied (au niveau du sol).Présence encore de nymphes.Petit bois de feuillus avec quelques vieux Epicéas.', 2196, 1867, ''),
(2821, 3629, '1999-06-29', 'M', 325, 'En loge dans l''écorce d''un grand Epicéa mort sur pied ( à la base au niveau du sol).Petit bois de feuillus avec quelques vieux Epicéas', 2196, 1867, ''),
(2822, 3632, '1972-06-24', 'M', 450, 'Après-midi (vers 17H).Temps chaud et orageux.Sur le sol d''un chemin longeant une plantation de Conifères', 2145, 1867, ''),
(2823, 3632, '1981-05-17', 'M', 350, 'Après-midi.Temps beau et doux.Sous l''écorce d''une souche d''Epicéa déterrée.Coupe dans une plantation d''Epicéas', 2200, 1867, ''),
(2824, 3632, '1987-07-14', 'F', 950, 'Sur un tas de bûches de Résineux fraîchement coupées', 2201, 1867, ''),
(2825, 3632, '1993-05-17', 'M', 350, 'Après-midi.Beau temps chaud.Sur une bûche d''Epicéa.Lisière de forêt', 2202, 1876, ''),
(2826, 3632, '1993-06-19', 'F', 760, 'Après-midi.Temps très chaud.Accouplée sur un tronc de Conifère.En forêt mélangée', 2203, 1867, ''),
(2827, 3632, '1998-06-07', 'F', 350, 'Temps pluvieux.Au voisinage d''une souche.Coupe en forêt avec quelques Epicéas', 2202, 1867, ''),
(2828, 3638, '1973-07-15', 'M', 450, 'Eclosion de petits tronçons de Pin mort  mis en sac', 2139, 1867, ''),
(2829, 3638, '1974-07-07', 'F', 500, 'Dans sa loge nymphale,dans une souche de Conifère.En forêt', 2147, 1867, ''),
(2830, 3638, '1975-08-02', 'F', 500, 'Après-midi.Temps très chaud.Sous l''écorce d''une souche de Pin sylvestre.Plantation de Conifères', 2147, 1867, ''),
(2831, 3638, '1975-08-12', 'F', 450, 'Après-midi.Temps doux et pluvieux.Sous l''écorce d''un petit Pin mort sur pied (en compagnie d''un mâle).Forêt de feuillus (avec une petite plantation de Pins sylvestres)', 2139, 1867, ''),
(2832, 3638, '1996-07-24', 'M', 280, 'Matin.Temps plus ou moins couvert.Sous des morceaux d''écorce d''uns souche de Pin maritime.Forêt mélangée', 2971, 1867, ''),
(2833, 3638, '2002-08-01', 'M', 212, 'Sous l''écorce d''un Pin mort sur pied.Forêt de feuillus (avec quelques Pins)', 2116, 1867, ''),
(2834, 3644, '2001-07-24', 'M', 1, 'Au piège U.V', 2211, 1875, ''),
(2835, 3645, '1971-07-15', 'M', 500, 'Après-midi.Sur un talus le long d''un sentier.Colline boisée (Feuillus et Conifères)', 2212, 1867, ''),
(2836, 3645, '1975-08-01', 'F', 500, 'Après-midi.Temps orageux,très chaud.Prêt à quitter sa loge nymphale à la base d''une souche de Pin.Colline boisée (surtout Conifères)', 2212, 1867, ''),
(2837, 3645, '1980-08-19', 'F', 10, 'Soir (vers 21H).Temps doux et un peu couvert.Au vol.Camping dans forêt de Pins', 2214, 1867, ''),
(2838, 3645, '1993-06-05', 'M', 235, 'Après-midi.Beau temps.Au vol.Coupe de Pins en forêt mélangée', 2133, 1867, ''),
(2839, 3645, '1996-07-24', 'M', 280, 'Matin.Temps plus ou moins couvert.Au vol.Dans un chemin forestier (Châtaigniers,Pins...)', 3030, 1867, ''),
(2840, 3645, '2002-08-01', 'F', 212, 'Après-midi.Beau temps.Dans la carie d''une vieille souche de Pin.En forêt', 2116, 1867, ''),
(2841, 3651, '1972-01-20', 'M', 440, 'Dans sa loge nymphale sous l''écorce d''un petit Pin mort sur pied.Petite plantation de Pins en forêt de feuillus', 2139, 1867, ''),
(2842, 3651, '1972-02-22', 'M', 500, 'Dans sa loge nymphale sous l''écorce d''un Résineux.Bois planté surtout de Résineux', 2212, 1867, ''),
(2843, 3651, '1973-06-16', 'F', 500, 'Fin de matinée.Sur une souche de Résineux.Bois planté surtout de Résineux', 2212, 1867, ''),
(2844, 3651, '1976-03-17', 'M', 450, 'Après-midi.Temps doux plus ou moins venteux.Dans sa loge nymphale sous l''écorce d''une souche d''Epicéa.Ancienne pessière', 2145, 1867, ''),
(2845, 3651, '1995-03-02', 'F', 250, 'Temps frais.En loge dans une souche de Pin.Forêt mélangée (surtout feuillus)', 2222, 1867, ''),
(2846, 3651, '1997-09-07', 'F', 360, 'En loge sous l''écorce d''une vieille bûche d''Epicéa.En forêt le long d''un chemin', 2223, 1867, ''),
(2847, 3657, '1973-03-17', 'F', 440, 'En loge nymphale dans une souche de Pin sylvestre.Petite plantation de Pins en forêt de feuillus', 2139, 1867, ''),
(2848, 3657, '1974-02-17', 'M', 440, 'En loge nymphale dans la couche externe d''une souche de Pin sylvestre.Petite plantation de Pins en forêt de feuillus', 2139, 1867, ''),
(2849, 3657, '1974-03-10', 'M', 440, 'Dans une souche décomposée de Conifère.En forêt', 2139, 1867, ''),
(2850, 3657, '1997-03-18', 'F', 440, 'Après-midi.Beau temps.Dans une bûche cariée de Conifère.Partie de forêt enrésinée', 2139, 1867, ''),
(2851, 3657, '1999-10-13', 'F', 900, 'En loge dans un tronc abattu et décomposé de Conifére.En forêt', 2141, 1867, ''),
(2852, 3662, '1973-03-21', 'F', 540, 'Dans sa loge nymphale sous l''écorce d''une vieille souche de Chêne.En forêt', 2139, 1867, ''),
(2853, 3662, '1974-04-10', 'M', 550, 'Après-midi.Temps doux,couvert et un peu venteux.Sur une souche de Hêtre.En forêt', 2139, 1867, ''),
(2854, 3662, '1974-08-30', 'M', 800, 'Après-midi.Temps couvert et frais.En loge nymphale dans une souche de Conifére (individu encore immature).En forêt', 2135, 1867, ''),
(2855, 3662, '1987-06-10', 'F', 360, 'Après-midi.Temps chaud plus ou moins couvert.Sur les fleurs d''une Viorne obier.Chemin forestier', 2232, 1867, ''),
(2856, 3662, '1992-05-28', 'M', 430, 'Après-midi.Temps orageux.Sur une grume de Chêne.Le long d''un chemin forestier', 2233, 1867, ''),
(2857, 3662, '1994-05-29', 'F', 395, 'Après-midi.Temps plus ou moins ensoleillé.Sur une bûche de Hêtre.En forêt', 2234, 1867, ''),
(2858, 3668, '1972-06-14', 'M', 550, 'Après-midi.Sur une vieille souche de Chêne.En forêt', 2139, 1867, ''),
(2859, 3668, '1973-05-23', 'F', 500, 'Après-midi.Sur un vieux tronc de Chêne abattu.En bordure de route forestière', 2139, 1867, ''),
(2860, 3668, '1989-05-14', 'M', 360, 'Après-midi.Temps plus ou moins couvert,doux et venteux.Sur un tas de branches de Chêne.En lisière de forêt', 2121, 1867, ''),
(2861, 3668, '1993-05-08', 'M', 235, 'Après-midi.Beau temps chaud.Sur une bille de Chêne.Le long d''une route forestière', 2238, 1867, ''),
(2862, 3668, '1993-05-10', 'F', 360, 'Après-midi.Beau temps chaud.Sur une bûche de Chêne.Dans une coupe récente', 2239, 1867, ''),
(2863, 3673, '1972-06-18', 'F', 700, 'Après-midi.Sur une vieille souche de Résineux.Bois sombre de Résineux', 2240, 1867, ''),
(2864, 3673, '1987-07-04', 'M', 800, 'Après-midi.Temps chaud plus ou moins couvert.Sur une grume de Conifère.Dépôt de grumes en bordure d''un chemin forestier', 2240, 1867, ''),
(2865, 3673, '2002-06-17', 'M', 1120, 'Après-midi.Beau temps chaud.Mâle:au vol .Femelle:au vol avant de se poser sur une branche coupée d''Epicéa.Coupe d''Epicéas déracinés par la tempête du 26 Décembre 1999', 2141, 1867, ''),
(2866, 3676, '1973-06-17', 'M', 415, 'Après-midi.Temps ensoleillé.Sur les fleurs de Cornouiller sanguin.Dans une pâture en lisière de forêt', 2243, 1867, ''),
(2867, 3676, '1973-06-16', 'M', 450, 'Fin d''après-midi(vers 19H).Sur les fleurs d''un Cornouiller sanguin.Chemin menant au fort', 2244, 1867, ''),
(2868, 3676, '1993-05-15', 'M', 235, 'Après-midi.Temps couvert.Au vol.Dans une ancienne coupe à végétation arbustive', 2133, 1867, ''),
(2869, 3676, '1994-06-15', 'F', 560, 'Après-midi.Beau temps.Sur une Ombellifère blanche.En lisière de forêt', 2246, 1867, ''),
(2870, 3680, '2001-05-12', 'M', 212, 'Après-midi.Beau temps chaud.Sur le feuillage d''Alisier torminal.En lisière d''un bois de Chênes dépérissants.(des vols observés autour des Chênes en fleurs;rien sur les Aubépines fleuries)', 2247, 1867, ''),
(2871, 3681, '1979-07-26', 'M', 870, 'Après-midi.Temps chaud.Sur des fleurs de Berce spondyle.Bord de chemin en forêt de Résineux', 2248, 1867, ''),
(2872, 3681, '1989-08-18', 'M', 1500, 'Après-midi.Beau temps chaud.Sur une Ombellifère blanche.Dans un bois clairsemé et mélangé', 2249, 1867, ''),
(2873, 3681, '1995-07-20', 'M', 1400, 'Après-midi.Beau temps.Sur les fleurs de Spirée ulmaire et sur des Ombellifères.Chemin forestier (Epicéas surtout)', 2250, 1867, ''),
(2874, 3684, '1971-07-15', 'F', 1720, 'Sur fleurs de Berce spondyle', 2251, 1875, ''),
(2875, 3684, '1984-07-09', 'F', 2000, 'Sur fleurs de Pissenlit', 2252, 1875, ''),
(2876, 3686, '1995-07-21', 'M', 1400, 'Après-midi.Beau temps.Sur lrs fleurs de Spirée ulmaire.Chemin forestier (Epicéas surtout)', 2253, 1867, ''),
(2877, 3686, '1976-07-14', 'M', NULL, '', 2186, 1875, ''),
(2878, 3688, '1988-07-24', 'F', 1850, NULL, 2255, 1875, NULL),
(2879, 3689, '1987-07-11', 'M', 950, 'Beau temps chaud.Sur feuillage d''une Ronce.Bordure de chemin forestier (Conifères surtout)', 2201, 1867, ''),
(2880, 3689, '1988-06-18', 'F', 900, 'Après-midi.Temps doux plus ou moins ensoleillé.Sur le feuillage d''un Framboisier.Chemin en forêt mélangée', 2201, 1867, ''),
(2881, 3689, '1995-07-18', 'M', 1500, 'Après-midi.Beau temps.Sur fleurs de Spirée ulmaire.Chemin forestier (Epicéas surtout)', 2250, 1867, ''),
(2882, 3689, '2002-06-12', 'M', 450, 'Après-midi.Beau temps chaud.Sur fleurs de Scabieuse.Pré en bordure d''une plantation d''Epicéas en partie coupés', 2195, 1867, ''),
(2883, 3693, '1973-05-31', 'F', 425, 'Après-midi.Temps ensoleillé.Sur fleurs de Marguerite.Pâture fleurie enclavée en forêt', 2243, 1867, ''),
(2884, 3693, '1975-06-09', 'M', 600, 'Après-midi.Temps chaud se couvrant.Sur fleurs d''Ombellifère blanche.Pré fleuri traversé par un ruisseau', 2187, 1867, ''),
(2885, 3693, '1976-05-19', 'M', 425, 'Matin.Temps orageux.Sur fleurs d''Aubépine.Dans une pâture en lisière de bois', 2243, 1867, ''),
(2886, 3693, '1987-06-10', 'F', 360, 'Après-midi.Temps chaud plus ou moins couvert.Sur les fleurs d''une Vione obier.En lisière de bois de feuillus', 2232, 1867, ''),
(2887, 3697, '1993-05-08', 'M', 235, 'Après-midi.Beau temps chaud.Sur fleurs d''Aubépine.Au bord d'' une route forestière', 2238, 1867, ''),
(2888, 3697, '1993-06-05', 'F', 235, 'Après-midi.Beau temps.Sur le feuillage d''un petit Charme.En forêt', 2238, 1867, ''),
(2889, 3699, '1993-06-05', 'F', 235, 'Après-midi.Beau temps.Se posant sur un Troène.Dans une ancienne coupe en forêt', 2238, 1867, ''),
(2890, 3700, '1966-06-15', 'M', 540, 'Après-midi.Sur une Ombellifère blanche', 2139, 1867, ''),
(2891, 3701, '1994-05-13', 'M', 350, 'Après-midi.Beau temps.Sur les fleurs de l''Aubépine', 2117, 1867, ''),
(2892, 3701, '1995-06-05', 'F', 350, 'Après-midi.Temps orageux.Sur les fleurs de l''Aubépine', 2117, 1867, ''),
(2893, 3701, '1997-05-24', 'F', 450, 'Dans un piège à bière posé sur un Chêne le 17/05/1997', 2270, 1876, ''),
(2894, 3701, '2001-05-11', 'M', 300, 'Beau temps chaud.Sur fleurs d''Aubépine.Colline calcaire', 2271, 1876, ''),
(2895, 3705, '1979-06-10', 'F', 540, 'Après-midi.Temps chaud et orageux.Sur les fleurs d''un Cornouiller sanguin.Lisière de bois', 2272, 1867, ''),
(2896, 3705, '1998-07-17', 'M', 1245, 'Après-midi.Beau temps chaud.Sur les fleurs de Spirée ulmaire.Bord de route forestière', 2250, 1867, ''),
(2897, 3705, '1994-05-28', 'M', 500, 'Après-midi.Temps voilé.Sur les fleurs d''une Viorne obier.En forêt', 2246, 1867, ''),
(2898, 3708, '1995-07-18', 'M', 1500, 'Après-midi.Beau temps.Sur les fleurs de Berce spondyle.En bordure de route forestière (forêt d''Epicéas surtout)', 2250, 1867, ''),
(2899, 3709, '1972-06-14', 'M', 415, 'Après-midi.Temps ensoleillé.Sur les fleurs d''un Cornouiller sanguin.En lisière de forêt', 2243, 1867, ''),
(2900, 3709, '1998-05-22', 'M', 560, 'Temps plus ou moins couvert.Accouplés sur les fleurs d''une Viorne obier.En lisière de forêt', 2277, 1867, ''),
(2901, 3711, '1973-07-05', 'F', 550, 'Obtenue d''une larve prélevée dans une souche de Hêtre le 07/03/1973', 2139, 1867, ''),
(2902, 3711, '1973-07-13', 'M', 550, 'Dans sa loge nymphale à l''intérieur d''une vieille souche de Hêtre.En forêt', 2139, 1867, ''),
(2903, 3711, '1987-08-12', 'M', 700, 'Après-midi.Temps chaud et plus ou moins couvert.Se posant sur un très petit Hêtre.Forêt de Hêtres', 2280, 1867, ''),
(2904, 3711, '1992-06-29', 'M', 395, 'Après-midi.Temps très chaud.Sur une vieille souche de Charme renversée.Dans une coupe de bois', 2234, 1867, ''),
(2905, 3711, '1992-07-09', 'F', 395, 'Après-midi.Temps chaud et orageux.Se posant sur une Framboise bien mûre.Dans une coupe de bois', 2234, 1867, ''),
(2906, 3711, '1992-07-17', 'M', 430, 'Après-midi.Temps couvert.Mâle:se posant sur un éclat de Hêtre .Femelle;se posant sur un petit Hêtre.Dans une coupe en forêt', 2233, 1867, ''),
(2907, 3711, '1995-06-28', 'M', 360, 'Après-midi.Beau temps.Sur un jeune Peuplier tremble.En forêt', 2239, 1867, ''),
(2908, 3711, '1998-06-29', 'F', 450, 'Après-midi.Beau temps chaud.Au vol.Dans une de bois en forêt (Chênes et Hêtres)', 2126, 1867, ''),
(2909, 3711, '2000-07-09', 'M', 212, 'Dans un piège à bière posé sur un Chêne en forêt du 01/07/2000 au 09/07/2000', 2116, 1867, ''),
(2910, 3720, '1974-08-12', 'M', 390, 'Après-midi.Temps assez beau et chaud.Sur les fleurs d''une Ombellifère blanche.Dans un pré le long d''un cours d''eau bordé de Saules', 2287, 1867, ''),
(2911, 3720, '1984-08-28', 'M', 360, 'Après-midi.Beau temps chaud.Sur fleurs de Berce spondyle.Allée forestière', 2232, 1867, ''),
(2912, 3720, '1991-08-05', 'F', 360, 'Après-midi.Beau temps et très chaud.Sur une Ombellifère blanche.En lisière de forêt', 2121, 1867, ''),
(2913, 3723, '1988-07-31', 'M', 1000, 'Après-midi.Beau temps chaud.Sur fleurs de Valériane.Chemin en forêt', 2201, 1867, ''),
(2914, 3723, '1975-07-30', 'F', 700, 'Matn.Temps très chaud et ensoleillé.Sur les fleurs d''une Ombellifère blanche.Sentier de montagne (surtout des Conifères)', 2240, 1867, ''),
(2915, 3723, '1974-08-30', 'M', 700, 'Après-midi.Temps couvert et frais.Sur les fleurs d''une Ombellifère blanche.Dans une petite clairière en bordure de route', 2135, 1867, ''),
(2916, 3723, '1974-07-12', 'F', 650, 'Après-midi.Beau temps.Sur une fleur de Ronce.Dans une clairière de Résineux', 2212, 1867, ''),
(2917, 3723, '1973-07-13', 'F', 650, 'Après-midi.Temps assez couvert.Sur les fleurs d''une Ombellifère blanche.En bord de route', 2141, 1867, ''),
(2918, 3728, '1989-08-19', 'F', 1500, 'Beau temps très chaud.Sur une Ombellifère blanche.En bordure de route (forêt mélangée)', 2249, 1867, ''),
(2919, 3728, '1995-07-19', 'M', 1500, 'Après-midi.Beau temps.Sur fleurs de Berce spondyle.Le long de la route (Forêt d''Epicéas surtout)', 2250, 1867, ''),
(2921, 3730, '1981-07-16', 'M', 5, 'Après-midi.Beau temps.Accouplés sur une Ombellifère blanche.En bordure de la rivière Agly', 2298, 1867, ''),
(2922, 3732, '1978-07-30', 'F', NULL, '', 2299, 2787, ''),
(2923, 3733, '1974-07-26', 'M', 420, 'Matin.Temps chaud et ensoleillé.Sur les fleurs d''une Achillée millefeuille.Dans une pâture enclavée en forêt', 2243, 1867, ''),
(2924, 3733, '1974-07-26', 'F', 410, 'Après-midi.Temps chaud et beau.Sur les fleurs d''un Sureau yèble.Le long d''un chemin ', 2301, 1867, ''),
(2925, 3733, '1976-07-13', 'F', 350, 'Après-midi.Temps orageux.Sur les fleurs d''une Ombellifère blanche.Lisière de bois en bordure de route', 2302, 1867, ''),
(2926, 3733, '1993-07-07', 'M', 350, 'Après-midi.Beau temps chaud.Sur les fleurs d''une Spirée ulmaire', 2117, 1867, ''),
(2927, 3737, '1995-07-19', 'M', 1500, 'Après-midi.Beau temps.Sur une Berce spondyle.Le long de la route (forêt d''Epicéas surtout)', 2250, 1867, ''),
(2928, 3737, '1995-07-31', 'M', 1050, 'Après-midi.Beau temps très chaud.Sur une fleur de Ronce.Chemin forestier (forêt mélangée)', 2305, 1867, ''),
(2929, 3739, '1966-08-11', 'M', 650, 'Après-midi.Sur les fleurs d''une Ombellifère blanche.En bordure de route (forêt mélangée)', 2141, 1867, ''),
(2930, 3739, '1975-07-16', 'M', 600, 'Après-midi.Temps chaud et variable.Sur fleurs de Scabieuse.Petit pré à flanc de montagne', 2187, 1867, ''),
(2931, 3739, '1985-06-16', 'M', 360, 'Après-midi.Temps doux et plus ou moins coouvert.Sur une fleur de Ronce.Allée forestière (quelques Résineux)', 2223, 1867, ''),
(2932, 3742, '1972-08-17', 'F', 500, 'Après-midi.Sur une grume de Conifère.Le long d''un chemin forestier', 2212, 1867, ''),
(2933, 3742, '1973-08-06', 'F', 700, 'Après-midi.Temps ensoleillé.Sur une grume de Résineux.Le long d''un chemin.En forêt', 2135, 1867, ''),
(2934, 3742, '1973-08-22', 'F', 725, 'Après-midi.Temps chaud et ensoleillé.Sur une souche de Résineux.En forêt', 2311, 1867, ''),
(2935, 3742, '1974-07-04', 'M', 440, 'Dans sa loge nymphale à l''intérieur d''une vieille souche de Pin.Petite plantation de Pins en forêt mélangée', 2139, 1867, ''),
(2936, 3742, '1974-07-27', 'M', 725, 'Beau temps chaud et ensoleillé.Sur les fleurs d''un Sureau yèble.Le long d''un sentier forestier', 2311, 1867, ''),
(2937, 3742, '1976-07-06', 'M', 350, 'Après-midi.Temps orageux.Sur les fleurs d''une Berce spondyle', 2117, 1867, ''),
(2938, 3748, '1992-06-28', 'M', 395, 'Après-midi.Temps très chaud.Au vol au-dessus de Ronces en fleurs.Dans une coupe récente de feuillus', 2234, 1867, ''),
(2939, 3748, '1993-06-05', 'F', 235, 'Après-midi.Beau temps.Sur une fleur de petit Eglantier.En lisière d''une coupe ancienne', 2133, 1867, ''),
(2940, 3748, '1993-06-18', 'F', 350, 'Après-midi.Beau temps chaud.Sur fleurs de Valériane.Chemin en forêt', 2202, 1876, ''),
(2941, 3748, '1995-06-25', 'M', 345, 'Après-midi.Temps plus ou moins couvert.Sur le feuillage d''une plante basse.Petit bosquet en bordure de la rivière St-Nicolas (Aulnes,Chênes,Peupliers morts...)', 2318, 1867, ''),
(2942, 3748, '1997-07-22', 'M', 350, 'Après-midi.Beau temps chaud.Sur les fleurs d''une grande Marguerite.Terrasse de la maison', 2117, 1867, ''),
(2944, 3748, '2003-06-15', 'F', 350, 'Après-midi.Temps lourd rt ensoleillé.Sur une fleur de Ronce près d''un tas de branches.En forêt de feuillus', 2239, 1867, ''),
(2945, 3755, '1972-07-05', 'F', NULL, '', 2322, 2782, ''),
(2946, 3756, '1979-06-10', 'F', 540, 'Après-midi.Temps chaud et orageux.Sur les fleurs d''un Cornouiller sanguin.Lisière de bois', 2272, 1867, ''),
(2947, 3756, '1993-05-08', 'F', 235, 'Après-midi.Beau temps chaud.Sur fleurs d''Aubépine.Dans une ancienne coupe en forêt', 2238, 1867, ''),
(2948, 3756, '1994-05-07', 'M', 235, 'Après-midi.Beau temps chaud.Sur fleurs d''Aubépine.En bordure d''une coupe en forêt (nombreux exemplaires et accouplements observés)', 2238, 1867, ''),
(2949, 3759, '1972-06-14', 'M', 460, 'Après-midi.Sur une fleur de Ronce.Dans une ancienne coupe de bois en forêt de feuillus', 2139, 1867, ''),
(2950, 3759, '1987-07-04', 'M', 650, 'Après-midi.Temps chaud et plus ou moins couvert.Sur les fleurs d''une Ombellifère blanche.Chemin en forêt mélangée', 2240, 1867, ''),
(2951, 3759, '1992-06-15', 'F', 375, 'Après-midi.Beau temps chaud.Sur une fleur de Ronce.Lisière de forêt', 2328, 1867, ''),
(2952, 3759, '1993-05-27', 'F', 375, 'Après-midi.Temps orageux.Sur une bûche de Chêne.Le long d''un sentier forestier', 2329, 1867, ''),
(2953, 3763, '1966-06-12', 'M', 550, 'Après-midi.Sur une fleur de Ronce.En forêt de feuillus', 2139, 1867, ''),
(2954, 3763, '1974-06-16', 'F', 550, 'Matin.Temps chaud et ensoleillé.Sur les fleurs d''un Cornouiller sanguin.Bordure de clairière en forêt de feuillus', 2139, 1867, ''),
(2955, 3763, '1987-06-10', 'F', 360, 'Après-midi.Temps chaud et plus ou moins couvert.Sur une fleur de Ronce.Allée forestière', 2232, 1867, ''),
(2956, 3766, '1973-06-17', 'M', 415, 'Après-midi.Sur les fleurs d''un Cornouiller sanguin.Lisière de bois', 2243, 1867, ''),
(2957, 3766, '1995-05-25', 'M', 350, 'Après-midi.Beau temps chaud.Sur fleurs d''Aubépine', 2117, 1867, ''),
(2958, 3768, '1974-08-11', 'M', 550, 'Après-midi.Sur les fleurs d''une Achillée millefeuille.Dans un pré', 2335, 1867, ''),
(2959, 3768, '1974-07-05', 'M', 375, 'Matin (vers 11H).Temps chaud.Sur une fleur de Ronce.Talus de fortifications', 2336, 1867, ''),
(2960, 3768, '1974-07-02', 'F', 450, 'Après-midi.Beau temps chaud.Sur les fleurs d''une Achillée millefeuille.En lisière de bois', 2145, 1867, ''),
(2961, 3768, '1994-06-14', 'M', 350, 'Après-midi Beau temps.Sur une fleur d''Euphorbe', 2117, 1867, ''),
(2962, 3768, '2002-06-30', 'M', 615, 'Après-midi.Beau temps chaud.Sur fleurs d''une Composée blanche.Petite clairière en forêt', 2139, 1867, ''),
(2963, 3773, '1964-07-20', 'M', 560, 'Après-midi.Sur les fleurs d''une Ombellifère blanche.Bord de route en forêt', 2139, 1867, ''),
(2964, 3773, '1992-07-08', 'F', 350, 'Après-midi.Temps chaud plus ou moins couvert.Sur fleurs de Spirée ulmaire.', 2117, 1867, ''),
(2965, 3775, '1970-08-10', 'F', 370, 'Après-midi.Temps chaud et ensoleillé.Sur les fleurs d''une Ombellifère blanche.Bois clairsemé', 2342, 1867, ''),
(3760, 4492, '2014-03-21', 'M', 270, 'Fin d''après-midi. Temps doux, couvert avec vent. Sur un trottoir surplombé par une banquette riche en Carex.', 3069, 1875, ''),
(2967, 3775, '1976-06-14', 'F', 300, 'Matin.Temps très chaud et ensoleillé.Sur une fleur de Ronce.Le long d''un sentier sur colline', 2344, 1867, ''),
(2968, 3775, '1988-06-29', 'M', 425, 'Temps chaud et orageux.Accouplés sur les fleurs d''une Achillée millefeuille.Colline', 2301, 1867, ''),
(2969, 3779, '1966-06-12', 'M', 550, 'Après-midi.Sur une fleur de Ronce.En forêt de feuillus', 2139, 1867, ''),
(2970, 3779, '1995-06-07', 'M', 350, 'Après-midi.Temps chaud et plus ou moins couvert.Sur les fleurs du Cornouiller sanguin.En bordure de route', 2117, 1867, ''),
(2971, 3781, '1966-06-12', 'M', 550, 'Après-midi.Sur une fleur de Ronce.En forêt de feuillus', 2139, 1867, ''),
(2972, 3782, '1996-07-23', 'F', 280, 'Matin.Sous la véranda ouverte sur l''extérieur.Environnement:forêts (Chênes;Châtaigniers,Pins)', 2349, 1867, ''),
(2973, 3783, '2000-06-21', 'F', 212, 'Dans un piège à sangria posé sur une grosse branche morte d''un Chêne du 17/06/2000 au 21/06/2000', 2116, 1867, ''),
(2974, 3783, '2000-08-02', 'F', 212, 'Dans un piège à bière posé sur une grosse branche morte d''un Chêne du 23/07/2000 au 02/08/2000', 2116, 1867, ''),
(2975, 3785, '1979-07-03', 'M', 70, NULL, 2352, 1875, NULL),
(2976, 3786, '1987-08-12', 'M', 500, 'Dans piège posé du 15/07/1987 au 12/08/1987', 2353, 2779, ''),
(2977, 3787, '1987-08-12', 'M', 500, 'Dans piège posé du 15/07/1987 au 12/08/1987', 2353, 2779, ''),
(2978, 3788, '1976-05-29', 'M', 550, 'Après-midi.Temps ensoleillé et chaud.Sur des bûches de Chêne entreposés.Bord de route en forêt', 2139, 1867, ''),
(2979, 3788, '1992-05-28', 'M', 400, 'Après-midi.Temps orageux.Accouplés sur une bûche de Chêne.Coupe de bois en forêt', 2233, 1867, ''),
(2980, 3790, '1985-08-02', 'M', 80, 'Sur troncs de Hêtre', 2357, 1875, ''),
(2981, 3791, '1971-07-13', 'M', NULL, '', 2358, 2782, ''),
(2982, 3792, '2000-06-21', 'M', 212, 'Dans un piège à bière posé sur sur un petit Chêne dépérissant du 17/06/2000 au 21/06/2000.Lisière de coupe en forêt', 2116, 1867, ''),
(2983, 3792, '2000-08-02', 'F', 212, 'Dans un piège à bière posé sur une grosse branche morte d''un Chêne du 23/07/2000 au 02/08/2000.En forêt plus ou moins dépérissante', 2116, 1867, ''),
(2984, 3792, '2002-08-01', 'F', 212, 'Dans piège à sangria posé sur un Chêne du 22/07/2002 au 01/08/2002.Bordure de coupe en forêt', 2116, 1867, ''),
(2985, 3795, '1987-07-28', 'M', 650, 'Après-midi.Temps couvert et doux.Sur les fleurs d''une Carotte sauvage.Sentier forestier en forêt mélangée', 2362, 1867, ''),
(2986, 3795, '1993-05-16', 'F', 360, 'Après-midi.Beau temps chaud.Sur une Ombellifère blanche', 2121, 1867, ''),
(2987, 3795, '1994-05-28', 'F', 500, 'Après-midi.Temps voilé.Sur une Viorne obier.En forêt', 2246, 1867, ''),
(2988, 3798, '1971-06-03', 'F', 400, 'Fin de matinée.Sur les fleurs d''un Cornouiller sanguin.En lisière d''un bosquet', 2365, 1867, ''),
(2989, 3798, '1991-06-14', 'M', 350, 'Après-midi (vers 18H).Temps doux,nuageux et venteux.Au vol près du feuillage du Tilleul', 2117, 1867, ''),
(2990, 3798, '1995-06-24', 'M', 370, 'Après-midi.Temps maussade.Sur les fleurs d''un Cornouiller sanguin.Bosquet', 2367, 1867, ''),
(2991, 3801, '1972-06-24', 'M', 450, 'Après-midi (vers 17H).Temps chaud et orageux.Sur un tronc de Conifère abattu et écorcé.Le long d''un sentier en bordure d''une plantation de Résineux', 2145, 1867, ''),
(2992, 3801, '1993-05-17', 'M', 360, 'Après-midi.Beau temps chaud.Sur une Ombellifère.Près d''une plantation d''Epicéas', 2202, 1867, ''),
(2993, 3801, '1993-05-29', 'F', 350, 'Après-midi.Temps doux.Sur les fleurs du Cornouiller sanguin.Près de la route', 2117, 1867, ''),
(2994, 3804, '2000-08-06', 'M', 250, 'Beau temps chaud.Sur les fleurs d''une Carotte sauvage.Colline', 2371, 1867, ''),
(2995, 3805, '1974-06-17', 'M', 400, 'Après midi.Temps couvert.Sur les fleurs d''une Marguerite.Pâturage enclavé en forêt', 2243, 1867, ''),
(2996, 3805, '1975-07-07', 'M', 400, 'Après-midi.Temps chaud et ensoleillé.Accouplé sur les fleurs d''une Achillée millefeuille.Pré sec à végétation arbustive', 2373, 1867, ''),
(2997, 3805, '1976-06-14', 'F', 300, 'Matin.Temps très chaud et ensoleillé.Sur les fleurs d''une Composée.Colline', 2344, 1867, ''),
(2998, 3805, '1993-05-31', 'F', 420, 'Après-midi.Temps chaud et variable.Sur les fleurs d''une Marguerite.Colline', 2375, 1867, ''),
(2999, 3809, '1970-08-10', 'F', 370, 'Après-midi.Temps très chaud.Sur une grande Ombellifère blanche.Au voisinage de jeunes Saules', 2342, 1867, ''),
(3001, 3809, '1987-08-21', 'F', 340, 'Après-midi.Temps chaud et ensoleillé.Sur les fleurs d''une Berce spondyle.A proximité d''un bosquet de divers Saules', 2377, 1867, ''),
(3002, 3809, '1988-08-17', 'M', 340, 'Après-midi.Temps très chaud.Mort sur les fleurs d''une Valériane.En lisière d''un bosquet de Saules', 2377, 1867, ''),
(3003, 3809, '1989-07-15', 'M', 340, 'Après-midi.Beau temps chaud.Sur une branche d''un Saule.Bosquet de divers Saules', 2377, 1867, ''),
(3004, 3809, '1989-07-24', 'F', 350, 'Après-midi.Temps lourd et orageux.Se posant sur un petit Saule marsault et arpentant le tronc (propriété voisine)', 2117, 1867, ''),
(3005, 3809, '1992-07-27', 'M', 340, 'Après-midi.Beau temps chaud.Sur les fleurs d''une Berce spondyle.A proximité d''un bosquet de Saules', 2377, 1867, ''),
(3006, 3809, '1998-08-14', 'F', 1100, 'Après-midi.Beau temps chaud.Se posant sur le feuillage d''un Saule marsault.Lisière des chaumes', 3034, 1867, ''),
(3007, 3817, '1976-07-13', 'F', 0, NULL, 2186, 1875, NULL),
(3008, 3818, '1976-04-20', 'M', NULL, '', 2385, 2787, ''),
(3009, 3819, '1984-04-10', 'F', NULL, 'Provenant de bois de chauffage entreposé près de cheminée.Dans la maison', 2386, 2783, ''),
(3010, 3820, '1973-06-04', 'M', 470, 'Après-midi.Se posant sur un tas de branches de Chêne.Dans une coupe en forêt', 2139, 1867, ''),
(3011, 3820, '1973-06-05', 'F', 470, 'Après-midi.Temps venteux.Sur une bûche de Chêne.Dans une coupe en forêt', 2139, 1867, ''),
(3012, 3820, '1982-06-04', 'F', 360, 'Après-midi.Temps très chaud.Sur un tas de branches de Saule.Petite clairière ensoleillée', 2200, 1867, ''),
(3013, 3820, '1993-05-15', 'M', 235, 'Après-midi.Temps couvert.Sur une bille de Pin.En bordure d''une route forestière', 2238, 1867, ''),
(3014, 3824, '1972-08-07', 'F', 700, 'Après-midi.Temps ensoleillé.Sur le tronc d''un Conifère abattu et écorcé.Billes le long d''un sentier forestier', 2135, 1867, ''),
(3015, 3824, '1982-07-13', 'F', 350, 'Après-midi (vers 15H30).Temps très chaud.Posé sur la façade de la maison, non exposée au soleil', 2117, 1867, ''),
(3016, 3824, '2000-07-01', 'M', 212, 'Après-midi.Temps chaud,plus ou moins couvert et venteux.Sur une bille de Pin.Dépôt de bois en forêt', 2116, 1867, ''),
(3017, 3824, '1975-07-31', 'F', 465, 'Sur le plancher d''un grenier près de branches entreposées (maison en ville)', 2394, 1867, ''),
(3018, 3824, '1975-08-02', 'F', 465, 'Fin d''après-midi (vers 18H30).Temps très chaud.Sur la façade blanche d''une maison', 2394, 1867, ''),
(3019, 3829, '1993-05-20', 'F', 235, 'Après-midi.Temps couvert et venteux.Sur une bûche de Pin.En forêt mélangée', 2238, 1867, ''),
(3020, 3830, '1995-07-21', 'M', 1400, 'Après-midi.Temps chaud.Sur une bille d''Epicéa.En bordure d''un chemin forestier', 2397, 1867, ''),
(3021, 3830, '1998-05-23', 'M', 350, 'Après-midi.Beau temps.Sous une bûche de Pin.Coupe dans une forêt mélangée au pied d''une falaise', 2131, 1867, ''),
(3022, 3830, '1998-05-30', 'F', 340, 'Beau temps chaud.Accouplée sur un tas de bûches de Pin.Bordure de route', 2399, 1867, ''),
(3023, 3830, '2002-06-15', 'F', 1120, 'Après-midi.Temps couvert,frais et venteux.Sur une branche d''Epicéa à terre.Dans une coupe d''Epicéas', 2141, 1867, ''),
(3024, 3834, '1973-05-24', 'M', 550, 'Après-midi.Sur des branches de Chêne coupées.Dans une coupe en forêt', 2139, 1867, ''),
(3025, 3834, '1989-05-14', 'M', 360, 'Après-midi.Temps plus ou moins couvert,doux et venteux.Sur des bûches de Chêne.En lisière de forêt', 2121, 1867, ''),
(3026, 3836, '1972-07-18', 'F', 540, 'Après-midi.Temps chaud.Sur le tronc d''un petit Chêne mort sur pied.En forêt', 2139, 1867, ''),
(3027, 3836, '1971-07-15', 'F', 465, 'Sur des bûches de bois d''essences diverses.Dans un cellier', 2394, 1867, ''),
(3028, 3836, '1991-07-01', 'M', 350, 'Fin d''après-midi (vers 19H).Beau temps.Sur la façade de la maison', 2117, 1867, ''),
(3029, 3836, '1993-06-16', 'M', 375, 'Beau temps.Sur des bûches de Chêne.Le long d''un sentier en forêt', 2329, 1867, ''),
(3030, 3836, '1995-06-20', 'M', 350, 'Soir (vers 20H30).Temps chaud.Au vol près de la maison', 2117, 1867, ''),
(3031, 3841, '1974-03-28', 'F', 550, 'Sorti de branchettes de Chêne abandonnées en forêt et mises en sac', 2139, 1867, ''),
(3032, 3841, '1976-06-05', 'M', 550, 'Après-midi.Temps doux et ensoleillé.Sur une branche de Chêne coupée.Dans une coupe en forêt', 2139, 1867, ''),
(3033, 3841, '1989-05-14', 'F', 360, 'Après-midi.Temps plus ou moins couvert,venteux et doux.Sur des branchettes de Chêne.En lisière de forêt', 2121, 1867, ''),
(3034, 3841, '1998-05-27', 'F', 363, 'Temps doux plus ou moins couvert.Sur des branches de Chêne coupées (battage).Dans une coupe en forêt', 2411, 1867, ''),
(3035, 3841, '1998-05-24', 'M', 390, 'Après-midi.Temps doux et couvert.Sur une bûche de Chêne.Dans unr coupe en forêt', 2412, 1867, ''),
(3036, 3846, '1973-05-24', 'M', 470, 'Après-midi.Temps ensoleillé.Sur des branches de Chêne coupées.Dans une coupe en forêt', 2139, 1867, ''),
(3037, 3846, '1974-03-22', 'M', 470, 'Eclos de branchettes de Chêne prélevées dans une coupe en forêt et mises en sac (la larve vit sous l''écorce;la nymphise a lieu dans une logette creusée dans le bois;l''orifice de sortie est ovalaire) ', 2139, 1867, ''),
(3038, 3846, '1976-06-05', 'M', 470, 'Après-midi.Temps doux.Sur des branches de Chêne coupées,au soleil.Dans une coupe en forêt', 2139, 1867, ''),
(3039, 3846, '1998-05-24', 'F', 360, 'Après-midi.Temps couvert et doux.Sur les rameaux d''un Chêne abattu (battage).Dans une coupe en forêt', 2412, 1867, ''),
(3040, 3850, '1993-05-20', 'F', 230, 'Après-midi.Temps couvert et venteux.Sur une bille de Pin.En forêt mélangée', 2417, 1867, ''),
(3041, 3850, '1994-05-22', 'F', 300, 'Beau temps plus ou moins venteux.Sur des fleurs de Cornouiller sanguin.Colline', 2271, 1876, ''),
(3042, 3852, '1973-06-04', 'F', 540, 'Après-midi.Temps ensoleillé.Sur un tas de branches de Chêne coupées récemment.Coupe en forêt', 2139, 1867, ''),
(3043, 3852, '1993-06-05', 'M', 235, 'Après-midi.Beau temps.Accouplés sur une branche de Chêne coupée.En forêt', 2238, 1867, ''),
(3044, 3852, '1998-06-22', 'F', 360, 'Beau temps très chaud.Sur une grume de Chêne.Lisière de forêt', 2421, 1867, ''),
(3045, 3852, '1998-06-29', 'F', 450, 'Après-midi.Beau temps chaud.Sur une grume de Chêne.En forêt', 2126, 1867, ''),
(3046, 3852, '2000-05-14', 'F', 212, 'Beau temps chaud.Sur une bille de Chêne.Dépôt de bois en forêt', 2116, 1867, ''),
(3047, 3857, '1988-07-11', 'F', 225, 'Après-midi.Temps très chaud plus ou moins venteux.Sur un tronc de Chêne abattu.Dans une coupe', 2424, 1867, ''),
(3048, 3857, '1997-06-07', 'M', 225, 'Beau temps très chaud.Accouplés sur la section d''une bille de Hêtre coupée récemment.Chemin forestier en bordure d''une coupe', 2424, 1867, ''),
(3049, 3859, '1993-06-24', 'F', 395, 'Après-midi.Temps ensoleillé.Sur une bille de Hêtre.En bordure d''une coupe', 2234, 1867, ''),
(3050, 3859, '1997-06-03', 'F', 340, 'Après-midi.Temps lourd et variable.Accouplé à l''ombre sur un vieux tronc de Peuplier coupé.Le long du canal', 2427, 1867, ''),
(3051, 3859, '1998-05-27', 'M', 360, 'Temps doux plus ou moins couvert.Sur une bille de Hêtre.Lisière de forêt', 2200, 1867, ''),
(3052, 3859, '1998-06-01', 'M', 360, 'Beau temps chaud.Sur une grume de Peuplier tremble.Dans une coupe en forêt ', 2412, 1867, ''),
(3053, 3859, '1998-06-29', 'M', 450, 'Après-midi.Beau temps chaud.Sur une grume de Hêtre.Dans une coupe en forêt', 2126, 1867, ''),
(3054, 3859, '2001-06-20', 'M', 600, 'Beau temps chaud.Sur une bille de Hêtre.Le long d''un chemin forestier', 2139, 1867, ''),
(3055, 3865, '1974-06-16', 'F', 560, 'Après-midi.Temps chaud et orageux.Au vol près de billes de Hêtre.Dans une petite clairière', 2139, 1867, ''),
(3056, 3865, '1998-06-02', 'M', 360, 'Beau temps.Accouplés sur une bûche de Bouleau.Lisière de forêt', 2121, 1867, ''),
(3057, 3867, '1995-07-21', 'F', 1400, 'Après-midi.Beau temps chaud.Sur bille d''Epicéa et sur les fleurs de Spirée ulmaire.Chemin forestier', 2253, 1867, ''),
(3058, 3867, '2002-06-22', 'M', 980, 'Après-midi.Beau temps chaud.Posé sur une plante basse.Zone plantée surtout d''Epicéas.', 2201, 1867, ''),
(3059, 3869, '1971-04-25', 'M', 560, 'Après-midi (vers 15H).Temps chaud et orageux.Sur une bûche de Chêne de coupe récente.Le long d''un chemin forestier', 2139, 1867, ''),
(3060, 3869, '1984-06-27', 'M', 360, 'Après-midi.Temps ensoleillé et très chaud.Sur une grume de Chêne.En bordure d''un champ', 2200, 1867, ''),
(3061, 3869, '1994-05-29', 'M', 395, 'Après-midi.Temps plus ou moins ensoleillé.Sur une bille de Chêne.Dans une coupe en forêt', 2234, 1867, ''),
(3062, 3869, '1998-06-29', 'M', 450, 'Après-midi.Beau temps chaud.Sur une grume de Chêne.Dans une coupe en forêt', 2126, 1867, ''),
(3063, 3873, '1988-06-10', 'M', 225, 'Après-midi.Temps chaud plus ou moins couvert.Sur une bûche de Chêne.Dans une coupe', 2424, 1867, ''),
(3064, 3873, '1996-07-28', 'M', 280, 'Soir (vers 21H30).Beau temps.Sur une bûche de Châtaignier.Dans une coupe de bois', 2971, 1867, ''),
(3066, 3873, '1998-06-22', 'M', 360, 'Beau temps très chaud.Sur une grume de Chêne.En lisière de forêt', 2421, 1867, ''),
(3067, 3873, '1998-06-29', 'F', 450, 'Après-midi.Beau temps chaud.Sur une grume de Chêne.En forêt', 2126, 1867, ''),
(3068, 3873, '1999-06-16', 'M', 360, 'Après-midi.Temps doux et plus ou moins couvert.Sur une bille de Chêne.Le long d''un chemin forestier', 2445, 1867, ''),
(3069, 3879, '2002-08-01', 'F', 212, 'Dans un piège à sangria posé sur une branche morte d''un Chêne du 22/07/2002 au 01/08/2002.Partie de forêt clairsemée (ancienne coupe)', 2116, 1867, ''),
(3070, 3880, '1974-07-12', 'F', NULL, 'Matin Beau temps ensoleillé.Sur Laser pitium.Pierrailles au soleil sur flanc de vallée', 2447, 1875, ''),
(3071, 3880, '1988-06-24', 'F', 300, 'Après-midi.Temps chaud et venteux.Sur une fleur de Ronce.En bordure de vignes.Colline', 2344, 1867, ''),
(3072, 3880, '1993-06-05', 'F', 235, 'Après-midi.Beau temps.Sur les fleurs de Troène.Le long d''une ancienne coupe', 2238, 1867, ''),
(3073, 3883, '1972-08-08', 'F', 760, 'Après-midi.Temps ensoleillé.Sur fleurs d''Achillée millefeuille.Le long d''un sentier dégagé', 2343, 1867, ''),
(3074, 3883, '1974-08-01', 'F', 440, 'Matin.Temps beau et chaud.Sur les fleurs d''une Carotte sauvage.Colline', 2301, 1867, ''),
(3075, 3883, '1988-07-30', 'M', 440, 'Après-midi.Beau temps chaud.Sur fleurs de Carotte sauvage.Colline', 2301, 1867, ''),
(3076, 3883, '1994-07-17', 'F', 212, 'Après-midi.Temps orageux.Sur fleurs de Carotte sauvage.En lisière d''un bosquet de Robiniers', 2247, 1867, ''),
(3077, 3887, '1993-08-18', 'F', 800, 'Sur la tige d''un Echinops sphaerocephalum', 2454, 1875, ''),
(3078, 3887, '2000-08-12', 'F', 35, 'Temps doux et couvert.Sur fleurs de Carotte sauvage.Le long d''une route en bordure de vignes', 2455, 1876, ''),
(3079, 3889, '1981-07-20', 'M', 5, 'Après-midi.Temps chaud et venteux.Sur fleurs d''Ombellifère blanche.Au bord de la rivière Agly', 2298, 1867, ''),
(3080, 3889, '1993-08-01', 'M', 300, 'Après-midi.Beau temps chaud.Sur fleurs de Carotte sauvage.En bordure de vignes.Colline', 2271, 1867, ''),
(3081, 3891, '1994-05-21', 'M', 565, 'Après-midi.Temps doux,humide et ensoleillé par instant.Accouplé sur des fleurs d''Aubépine.Haie de Charmes et de Noisetiers surtout', 2458, 1867, ''),
(3082, 3891, '1995-05-25', 'F', 565, 'Après-midi.Beau temps chaud.Accouplée sur le feuillage d''une Aubépine.Petite haie en lisière d''une pâture', 2458, 1867, ''),
(3083, 3891, '1998-05-08', 'F', 300, 'Après-midi.Beau temps chaud.Sur le feuillage d''un petit Orme.En bordure de vignes.Colline', 2271, 1876, ''),
(3084, 3891, '1998-05-24', 'F', 360, 'Après-midi.Temps couvert et doux.Sur la section d''une bille de Hëtre.Dépôt de grumes dans une clairière', 2412, 1867, ''),
(3086, 3388, '1986-05-09', 'M', 270, 'Après-midi.Temps doux et plus ou moins couvert.Sur un sentier et sur le bord herbeux.Colline calcaire à pelouse rase. (nombreux individus et accouplements)', 2271, 1867, ''),
(3088, 4468, '1998-04-23', 'F', 1460, '', 2465, 1875, ''),
(3089, 3388, '2000-04-22', 'M', 235, 'Beau temps chaud.Le long d''un chemin dans l''herbe.Pré devant la forêt', 2133, 1867, ''),
(3090, 3389, '1992-05-09', 'F', 528, '', 2467, 2789, ''),
(3091, 3391, '1997-05-27', 'M', 320, 'Après-midi.Beau temps chaud.Sur des bûches de Chêne empilées.Coupe dans un bois en bordure de l''autoroute A36', 2468, 1867, ''),
(3092, 3390, '1973-06-04', 'M', 460, 'Après-midi.Temps chaud et ensoleillé.Sur un tas de branches de Chêne.Coupe récente en forêt', 2139, 1867, ''),
(3093, 3390, '1967-02-01', 'F', 460, 'En loge nymphale dans une branche de Chêne tombée à terre.En forêt', 2139, 1867, ''),
(3094, 3390, '1974-04-12', 'F', 420, 'Après-midi Temps chaud et ensoleillé.Sur une branche d''un Chêne abattu.Prairie en lisière de forêt', 2243, 1867, ''),
(3095, 3390, '1975-04-02', 'M', 430, 'Temps froid (légère chute de neige).Dans sa loge nymphale,dans une branche  à terre calcinée en surface', 2301, 1867, ''),
(3096, 3392, '1974-05-25', 'M', 420, 'Après-midi.Temps doux,ensoleillé et un peu venteux.Sur des plantes basses.Bordure d''un talus dans une ancienne carrière de calcaire', 2473, 1867, ''),
(3097, 3392, '1993-05-15', 'F', 235, 'Après-midi.Temps couvert.Sur une plante basse.En bordure d''une ancienne coupe en forêt', 2238, 1867, ''),
(3098, 3393, '1974-07-04', 'F', NULL, 'Après-midi.Beau temps chaud et ensoleillé.Sur Carduus.Vallée de torrent presque sec', 2475, 1875, ''),
(3099, 3394, '1974-04-09', 'M', 420, 'Eclos d''une nymphe prélevée dans une tige sèche d''un Chardon.Pré enclavé en forêt', 2243, 1867, ''),
(3100, 3394, '1993-05-27', 'M', 375, 'Après-midi.Temps orageux.Au vol près de plantes basses.Clairière en forêt', 2329, 1867, ''),
(3101, 3394, '1976-06-08', 'F', 545, 'Après-midi.Temps chaud et ensoleillé.Sur une Ortie.Bord de route en forêt', 2139, 1867, ''),
(3102, 3394, '1985-06-18', 'F', 365, 'Après-midi.Sur une Ortie.Bord de route en forêt', 2121, 1867, ''),
(3103, 3395, '1974-05-29', 'M', 600, 'Après-midi.Temps chaud,un peu couvert et un peu venteux.Sur le feuillage d''une Scabieuse non fleurie.Pré traversé par un ruisselet (plusieurs accouplements observés)', 2187, 1867, ''),
(3104, 3395, '1977-06-11', 'F', 400, 'Matinée.Temps chaud et plus ou moins venteux.Accouplée sur une Légumineuse.Bord de fortification sur un coteau', 2373, 1867, ''),
(3105, 3395, '1987-07-04', 'F', 700, 'Après-midi.Temps chaud et plus ou mois ensoleillé.Sur le feuillage d''une plante herbacée.Chemin forestier (très présente ce jour)', 2240, 1867, ''),
(3106, 3395, '1993-06-30', 'M', 435, 'Après-midi.Temps plus ou moins ensoleillé.Sur une plante basse.Le long d''un chemin.Colline avec arbres et arbustes clairsemés', 2301, 1867, ''),
(3107, 3395, '2000-05-08', 'M', 560, 'Temps orageux et doux.Accouplés sur le feuillage d''une Scabieuse.Lisière de forêt', 2246, 1867, ''),
(3108, 3396, '1997-06-04', 'M', 235, 'Beau temps chaud.Sur de grandes Graminées (fauchage).Talus bordant une ancienne gravière.En lisière de forêt', 2133, 1867, ''),
(3109, 3397, '1997-05-14', 'F', 380, 'Après-midi (vers 18H).Beau temps.Sur des Lierres grimpant sur un Pin (battage).Bord de route', 2486, 1867, ''),
(3110, 3398, '2001-06-28', 'F', 57, 'Obtenu de l''Euphorbia cacharias (éclos à Valentigney Doubs)', 2487, 1875, ''),
(3111, 3399, '1983-07-13', 'F', 1220, 'Sur Genista scorpius (battage)', 2488, 1875, ''),
(3112, 3400, '1973-04-08', 'F', 0, '', 2489, 2787, ''),
(3113, 3401, '1997-06-06', 'F', 320, 'Après-midi.Temps doux et variable.Sur une bille de Chêne.Dépôt de grumes dans une zone découverte sous une ligne à haute tension', 2490, 1876, ''),
(3114, 3402, '1996-07-22', 'M', 280, 'Temps chaud.Au vol près de la fermette (vers 19H).Environnement:forêt de Châtaigniers,Chênes,Pins maritimes...', 3030, 1867, ''),
(3115, 3402, '1987-08-13', 'M', 940, NULL, 2492, 1875, NULL),
(3116, 3403, '1992-07-23', 'M', 1200, NULL, 2493, 1875, NULL),
(3117, 3403, '1997-07-28', 'M', 1350, 'Sur une grume de Conifère', 2494, 1875, ''),
(3118, 3404, '1987-07-14', 'M', 1000, 'Après-midi.Beau temps chaud.Sur un tas de bûches de Sapin.En bordure d''une coupe en forêt', 2201, 1867, ''),
(3119, 3404, '1988-07-19', 'F', 1000, 'Beau temps chaud.Sur une grume de Sapin.Coupe en forêt', 2201, 1867, ''),
(3120, 3404, '1995-07-22', 'M', 1400, 'Matinée.Beau temps.Se posant sur des billes d''Epicéa.Bordure de chemin forestier (Epicéas surtout)', 2397, 1867, ''),
(3121, 3405, '1997-07-16', 'F', 360, 'Soir (vers 22H).Sur tas de branches de Chêne (battage).Dans une coupe en bordure de forêt', 2498, 1876, ''),
(3122, 3406, '1999-07-31', 'M', 560, 'Beau temps chaud.Sur branches mortes de Pin à terre.Haie de quelques Pins sur colline en grande partie boisée', 2134, 1876, ''),
(3123, 3407, '2003-05-05', 'M', 212, 'Après-midi.Beau temps.Sur une branche morte à la base d''un petit Pin (aiguilles rousses).Dépôt de grumes de différentes essences', 2116, 1867, ''),
(3124, 3408, '1974-04-03', 'F', 560, 'Après-midi.Temps chaud et un peu couvert.Sur un tas de branches de Chêne abandonné sur une pente.Ancienne coupe de bois', 2139, 1867, ''),
(3125, 3408, '1982-06-04', 'F', 360, 'Après-midi.Temps très chaud.Sur un tas de branchettes de Chêne.Lisière de forêt', 2121, 1867, ''),
(3126, 3409, '1974-08-01', 'F', 405, 'Matin.Temps beau et chaud.Sur les basses branches d''un grand Tilleul à petites feuilles.Colline boisée', 2301, 1867, ''),
(3127, 3409, '1976-06-06', 'F', 390, 'Matin.Temps chaud.Sur un arbuste mort sur pied.Lisière de bois', 2504, 1867, '');
INSERT INTO `individus` (`id`, `espece_id`, `date`, `sexe`, `altitude`, `commentaire`, `site_id`, `recolteur_id`, `utm`) VALUES
(3128, 3409, '1980-06-12', 'F', 360, 'Après-midi.Temps ensoleillé et chaud.Sur un petit Saule près d''un tas de branches mortes.En lisière de bois', 2121, 1867, ''),
(3129, 3409, '1997-06-28', 'F', 465, 'Eclos de branches mortes prélevées sur une Bourdaine', 2506, 1867, ''),
(3130, 3410, '1988-07-19', 'F', 800, 'Après-midi.Beau temps chaud.Au vol près d''un tas de branches mortes (mélange de Feuillus et de Conifères).Chemin forestier', 2201, 1867, ''),
(3131, 3412, '1997-08-20', 'M', 740, 'Beau temps chaud.En loge nymphale sous l''écorce et dans le bois d''une bille d''Epicéa.Le long d''un chemin en forêt', 2508, 1867, ''),
(3132, 3411, '1993-05-08', 'M', 235, 'Après-midi.Beau temps chaud.Au vol près de billes de Pin entreposées en bordure de route forestière', 2238, 1867, ''),
(3133, 3411, '1993-05-12', 'M', 235, 'Après-midi.Temps couvert et orageux.Accouplés sur une grume de Pin.Dépôt de grumes en bordure de route forestière', 2238, 1867, ''),
(3134, 3411, '1993-05-15', 'M', 235, 'Après-midi.Temps couvert.Sous une grume de Pin.Dépôt de grumes en bordure de route forestière', 2238, 1867, ''),
(3135, 3411, '1999-05-25', 'M', 220, 'Après-midi.Beau temps chaud.Accouplés sur des bûches de Pin sylvestre.Le long d''une route forestière', 2512, 1867, ''),
(3136, 3411, '1999-08-11', 'F', 350, 'Dans sa loge nymphale dans l''écorce épaisse d''une souche de Pin (présence de nymphes).Forêt mélangée au pied d''une falaise calcaire', 2131, 1867, ''),
(3137, 4478, '1972-06-14', 'F', 560, 'Sur un tas de branches de Chêne dans une coupe ancienne en forêt', 2139, 1867, ''),
(3138, 4478, '1974-04-01', 'M', 560, 'Eclos de branchettes de Chêne prélevées dans une coupe en forêt (diamètre de 4 à 5 cm)', 2139, 1867, ''),
(3139, 4478, '1992-06-13', 'M', 375, 'Après-midi.Temps couvert.Sur un tas de branches de Charme.Lisière de forêt', 2516, 1867, ''),
(3140, 3413, '1998-05-24', 'M', 360, 'Après-midi.Temps couvert et doux.Sur les branches d''un Chêne abattu (battage).Coupe en forêt ', 2412, 1867, ''),
(3141, 3414, '1993-07-16', 'M', 430, 'Après-midi.Temps chaud et venteux.Sur les rameaux d''un Chêne abattu (battage).En forêt', 2233, 1867, ''),
(3142, 3414, '1994-07-08', 'F', 355, 'Après-midi.Temps plus ou moins couvert.Sur une branche de Chêne coupée.Dans une coupe récente', 2445, 1867, ''),
(3143, 3414, '1997-06-04', 'F', 235, 'Beau temps chaud.Sur un tas de branches de Chêne.Dans une petite coupe en  forêt', 2133, 1867, ''),
(3144, 3414, '1998-06-01', 'F', 355, 'Beau temps chaud.Sur un tas de vieilles branchettes de Charme (battage).En lisière d''une ancienne coupe en forêt', 2239, 1867, ''),
(3145, 3414, '2000-06-05', 'F', 380, 'Temps chaud et orageux.Sur un tas de branches de Hêtre (battage)', 2522, 1867, ''),
(3146, 3415, '1988-07-01', 'F', 224, 'Après-midi (vers 17H).Temps doux.Sur un tas de branchettes indéterminées.Dans une coupe de feuillus (présence de Tilleuls à proximité)', 2424, 1867, ''),
(3147, 3415, '1991-06-24', 'M', 360, 'Sur un Tilleul (battage)', 2524, 1875, ''),
(3148, 3416, '1993-07-16', 'F', 435, 'Après-midi.Temps chaud et venteux.Sur des rameaux morts d''un petit Orme souffreteux.Colline boisée', 2301, 1867, ''),
(3149, 3416, '1994-06-29', 'F', 435, 'Eclos de branchettes mortes prélevées sur un petit Orme souffreteux.Colline boisée', 2301, 1867, ''),
(3150, 3416, '1994-07-08', 'F', 435, 'Eclos de branchettes mortes prélevées sur un petit Orme souffreteux.Colline boisée', 2301, 1867, ''),
(3151, 3416, '1994-07-12', 'F', 435, 'Eclos de branchettes mortes prélevées sur un petit Orme souffreteux.Coline boisée', 2301, 1867, ''),
(3152, 3417, '1972-07-14', 'M', 690, 'Temps beau et chaud.Sur une branche d''un petit Chêne dépérissant.Le long d''un sentier forestier', 2529, 1867, ''),
(3153, 3417, '1977-08-02', 'F', 550, 'Après-midi.Temps doux.Sur des grumes de Hêtre.Le long d''une route en vallon ombragé', 2530, 1867, ''),
(3154, 3417, '1988-06-18', 'F', 1000, 'Après-midi.Temps doux plus ou moins ensoleillé.Sur des bûches de Hêtre.Le long d''un chemin forestier', 2201, 1867, ''),
(3155, 3418, '1998-07-10', 'M', 350, 'Soir (vers 22H).Temps doux plus ou moins couvert.Se posant sur le feuillage d''un Peuplier tremble.En lisière de forêt', 2202, 1876, ''),
(3156, 3418, '1998-07-12', 'M', 390, 'Après-midi (vers 17H).Beau temps,chaud et venteux.Sur le feuillage d''un petit Peuplier tremble.Zone de repousse spontanée de Trembles après une coupe.En forêt à proximité d''un étang', 2412, 1867, ''),
(3157, 3418, '1998-08-06', 'F', 390, 'Après-midi (vers 15H).Beau temps.Sur un petit Peuplier tremble .Zone de repousse spontanée de Trembles après une coupe .En forêt à proximité d''un étang', 2412, 1867, ''),
(3158, 3418, '2000-07-06', 'F', 390, 'Après-midi.Beau temps chaud.Sur le feuillage d''un petit Peuplier tremble dans une coupe en forêt près d''un étang', 2412, 1867, ''),
(3159, 3418, '2001-07-24', 'F', 360, 'Après-midi.Temps lourd et orageux.Sur le feuillage d''un petit Peuplier tremble.Zone peuplée de petits Trembles spontanés près de 2 Trembles plus âgés,couchés mais encore vivants', 2121, 1867, ''),
(3160, 3419, '2000-07-10', 'F', NULL, 'Sur un Orme', 3031, 1875, ''),
(3162, 3420, '1967-06-02', 'M', 560, 'Sur le feuillage d''un jeune Peuplier tremble.Petite clairière en forêt', 2139, 1867, ''),
(3163, 3420, '1990-06-19', 'M', 355, 'Fin de matinée (vers 12H).Temps très chaud.Sous une feuille d''un rejet de Peuplier tremble', 2121, 1867, ''),
(3164, 3420, '1998-06-01', 'M', 390, 'Après-midi.Beau temps chaud.Sur un petit Peuplier tremble.Dans une coupe en forêt', 2412, 1867, ''),
(3165, 3421, '1973-06-09', 'M', 430, 'Sur les branches d''un Chêne abattu.Dans une coupe en forêt', 2542, 1867, ''),
(3166, 3421, '1994-06-15', 'F', 500, 'Après-midi.Beau temps.Sur le tronc d!un Merisier abattu.Le long de la route en forêt', 2543, 1867, ''),
(3167, 3421, '1998-05-17', 'F', 360, 'Après-midi.Temps plus ou moins couvert et venteux.Sur une bûche d''Aulne.Dans une coupe en forêt', 2200, 1867, ''),
(3168, 3421, '2002-06-12', 'F', 450, 'Après-midi.Beau temps chaud.Au vol dans un chemin forestier près d''une ancienne coupe', 2506, 1867, ''),
(3169, 3422, '1998-05-21', 'F', 460, 'Temps chaud plus ou moins couvert.Sur un rameau mort d''une Bourdaine. En lisière de bois et à proximité d''un ruisseau', 2506, 1876, ''),
(3170, 3422, '2003-06-14', 'M', 460, 'Temps lourd et orageux.Sur une Bourdaine dépérissante (battage).En bordure d''un bois', 2506, 1867, ''),
(3171, 3423, '1967-05-20', 'M', 560, 'Sur la face inférieure du feuillage d''un Noisetier.Petite clairière en forêt', 2139, 1867, ''),
(3172, 3423, '1975-05-21', 'F', 560, 'Matinée.Temps chaud et ensoleillé.A la face inférieure du feuillage d''un Noisetier.Petite clairière en forêt', 2139, 1867, ''),
(3173, 3423, '1994-05-28', 'F', 550, 'Après-midi.Temps voilé.Sur le feuillage d''un Noisetier.En forêt', 2246, 1867, ''),
(3174, 3423, '1994-05-29', 'F', 395, 'Après-midi.Temps plus ou moins ensoleillé.Sur le feuillage d''un Noisetier.En bordure d''un chemin forestier', 2234, 1867, ''),
(3175, 3423, '1998-05-21', 'M', 465, 'Temps chaud plus ou moins couvert.Sur le feuillage d''un Saule marsault', 2506, 1867, ''),
(3176, 3425, '1976-07-22', 'F', NULL, '', 2186, 1875, ''),
(3177, 3424, '1975-04-27', 'M', 350, 'Après-midi (vers  17H).Temps chaud,ensoleillé et plus ou moins venteux.Se posant sur le sol d''une pelouse rase.Colline calcaire', 2344, 1867, ''),
(3178, 3424, '1993-04-29', 'F', 270, 'Après-midi.Beau temps chaud.Au vol,au-dessus d''une pelouse parsemée de Tinia glauca.Colline calcaire', 2271, 1867, ''),
(3179, 3424, '1996-04-20', 'M', 350, 'Beau temps chaud.Sur le sol nu d''un chemin.Colline calcaire ', 2344, 1867, ''),
(3180, 3426, '1972-06-24', 'M', 560, 'Temps beau et chaud.Sur la tige et sur les fleurs d''une Vipérine.Petite clairière en forêt en bordure de route', 2139, 1867, ''),
(3181, 3426, '1975-06-08', 'M', 425, 'Matinée.Temps chaud,ensoleillé et venteux.Sur une Vipérine.Endroit sec,caillouteux et à végétation arbustive.Colline calcaire', 2301, 1867, ''),
(3182, 3426, '1998-06-19', 'M', 400, 'Après-midi.Beau temps chaud.Capturée et paralysée par une Araignée sur une Vipérine.Flanc de coteau non boisé', 2559, 1867, ''),
(3183, 3426, '2000-06-07', 'M', 212, 'Temps doux et plus ou moins couvert.Sur le feuillage d''une Vipérine.Petite clairière en bordure de forêt', 2116, 1867, ''),
(3184, 3428, '1975-06-09', 'F', 600, 'Après-midi.Temps chaud se couvrant.Sur la tige d''une Ombellifère blanche.Lisière de pré humide', 2561, 1867, ''),
(3185, 3428, '1994-06-15', 'F', 500, 'Après-midi.Beau temps.Sur une plante herbacée.Zone humide en forêt près du bord de la route', 2543, 1867, ''),
(3186, 3429, '1974-05-26', 'F', 420, 'Après-midi.Temps chaud et ensoleillé.Sur une Graminée.Flanc d''un talus dans une ancienne carrière  calcaire', 2473, 1867, ''),
(3187, 3429, '1975-06-02', 'F', 420, 'Après-midi.Temps variable et peu chaud.Sur une Graminée.Flanc d''un talus dans une ancienne carrière  calcaire', 2473, 1867, ''),
(3188, 3429, '1987-07-04', 'F', 700, 'Après-midi.Temps chaud et plus ou moins couvert.Au vol dans un chemin forestier', 2240, 1867, ''),
(3189, 3429, '2001-05-19', 'F', 212, 'Après-midi.Beau temps chaud et plus ou moins venteux.Sur une Graminée.Ancienne gravière avec une nouvelle végétation', 2116, 1867, ''),
(3190, 3427, '1998-05-08', 'M', 300, 'Après-midi (vers 17H45).Temps chaud et ensoleillé.Dans l''herbe et sur les jeunes feuilles d''Achillée millefeuille.Colline calcaire', 2271, 1867, ''),
(3191, 3430, '1974-06-05', 'M', 560, 'Matinée.Temps chaud et orageux.Sous le feuillage d''un Noisetier.Petite clairière en forêt', 2139, 1867, ''),
(3192, 3430, '1984-06-22', 'M', 350, 'Après-midi.Temps chaud,plus ou moins nuageux et venteux.Sous le feuillage d''un Noisetier.Lisière de petit bois', 2302, 1867, ''),
(3193, 3430, '1984-07-27', 'F', 360, 'Après-midi.Temps chaud,plus ou moins couvert et venteux.Sous le feuillage d''un Noisetier.En bordure de bois', 2121, 1867, ''),
(3194, 3430, '1998-05-24', 'F', 350, 'Après-midi.Temps couvert et doux.Sous le feuillage d''un Noisetier.Lisière de forêt', 2412, 1867, ''),
(3195, 3431, '1989-07-20', 'M', 340, 'Après-midi.Beau temps chaud.Se posant sur un Saule.Bosquet de Saules', 2377, 1867, ''),
(3196, 3431, '1975-07-17', 'M', 370, 'Matinée (vers 11H30).Temps très chaud et ensoleillé.Mâle rejoignant au vol une femelle posée sur un Saule marsault.Terrain vague avec une petite végétation arbustive (station disparue car urbanisée)', 2573, 1867, ''),
(3197, 3431, '1974-08-15', 'M', 560, 'Matinée.Temps beau et très chaud.Au vol près du feuillage d''un Saule marsault.Petite clairière en forêt', 2139, 1867, ''),
(3198, 3431, '1974-06-22', 'F', 420, 'Après-midi (vers 16H).Temps chaud et orageux.Sur le feuillage d''un très jeune Saule marsault.Dans une ancienne carrière cacaire en forêt', 2473, 1867, ''),
(3199, 3432, '1998-06-09', 'M', 360, 'Temps plus ou moins couvert et chaud.Sur un Chèvrefeuille (battage).En lisière de bois le long d''un champ de colza', 2576, 1876, ''),
(3200, 3432, '1998-06-14', 'F', 355, 'Temps chaud et plus ou moins couvert.Sur un Chèvrefeuille (battage).En bordure d''un chemin forestier', 2498, 1867, ''),
(3201, 3432, '1998-06-17', 'M', 400, 'Après-midi.Beau temps.Sur un Chèvrefeuille (battage).Le long d''un sentier en forêt', 2233, 1867, ''),
(3203, 3434, '1985-05-19', 'F', 360, 'Après-midi.Temps lourd et orageux.Sous le feuillage d''un vieux Pommier en plein champ', 2580, 1867, ''),
(3204, 3434, '1990-06-06', 'F', 350, 'Après-midi.Temps plus ou moins couvert.Sur le feuillage d''une Bourdaine.En bordure d''un pâturage', 2581, 1867, ''),
(3205, 3434, '1998-05-30', 'F', 350, 'Beau temps.Sous le feuillage d''un Mirabellier', 2117, 1867, ''),
(3206, 3433, '1991-06-02', 'F', 350, 'Après-midi (vers 17H).Se posant sur le feuillage d''un Lilas blanc', 2117, 1867, ''),
(3207, 3433, '2003-05-29', 'M', 440, 'Après-midi.Beau temps chaud.Au vol et sous le feuillage de petits Frênes près d''un tas de branchages ( Frêne et autres).Versant ensoleillé Nord-Ouest à végétation arbustive suite à un déboisement afin de dégager la vue sur les fortifications', 2301, 1867, ''),
(3208, 4018, '1976-09-09', 'M', 1360, 'Eclos d''une souche de Conifère très cariée (présence de larves et de nymphes)', 2585, 1875, ''),
(3209, 3437, '1974-07-04', 'M', 1180, 'Après-midi.Temps ensoleillé chaud.Dans le tronc carié d''un Saule têtard mort sur pied.Pré humide en bordure de la Durance', 2586, 1875, ''),
(3210, 3437, '1988-07-19', 'M', 1000, 'Après-midi.Beau temps chaud.Sur des bûches de Hêtres entreposées à l''ombre.Le long d''un chemin forestier', 2201, 1867, ''),
(3211, 4021, '1979-07-06', 'M', NULL, '', 2352, 1875, ''),
(3212, 4021, '1979-07-09', 'F', NULL, '', 2589, 1875, ''),
(3213, 4021, '1996-07-22', 'M', 280, 'Soir (vers 20H).Beau temps.Sur des bûches de Pins maritimes entreposés le long d''un chemin.Lisière de forêt', 2590, 1867, ''),
(3214, 4021, '1996-07-24', 'F', 280, 'Matin.Temps plus ou moins couvert.En train de s''enfouir dans le sol d''un chemin forestier.Forêt (Châtaigniers;Pins...)', 2590, 1867, ''),
(3215, 4021, '1997-06-15', 'M', 235, 'Dans un piège à bananes posé sur un Chêne du 11/06/1997 au 15/06/1997.En lisière d''une ancienne coupe en forêt', 2133, 1867, ''),
(3216, 4021, '1997-06-21', 'M', 235, 'Dans un piège à bananes posé sur un Chêne du 15/06/1997 au 21/06/1997.En lisière d''une ancienne coupe en forêt', 2133, 1867, ''),
(3217, 4027, '1978-07-23', 'M', NULL, '', 2299, 2787, ''),
(3218, 3439, '1973-05-16', 'M', 700, 'Après-midi.Temps ensoleillé.Au vol.En forêt mélangée (Feuillus,Conifères)', 2141, 1867, ''),
(3219, 3439, '1973-03-07', 'F', 540, 'Dans une souche cariée de Hêtre.En forêt', 2139, 1867, ''),
(3220, 3439, '1996-12-15', 'M', 700, 'Dans une souche de Hêtre cariée.Le long d''un chemin en forêt', 2150, 1867, ''),
(3221, 3439, '1997-03-01', 'M', 550, 'Après-midi.Beau temps doux.Dans une vieille souche de Hêtre.En forêt', 2139, 1867, ''),
(3222, 3438, '1972-05-01', 'M', 300, 'Après-midi.Temps ensoleillé.Sur les fleurs d''une Viorne lantane.Colline calcaire', 2271, 1867, ''),
(3223, 3438, '1975-04-23', 'F', 540, 'Après-midi.Temps chaud,ensoleillé et plus ou moins venteux.Sur un tas de branches de Chêne.Dans une ancienne coupe', 2139, 1867, ''),
(3224, 3438, '1976-05-12', 'F', 540, 'Après-midi.Temps plus ou moins couvert et venteux.Au vol près d''un tas de branches de Chêne coupées.En forêt dans une coupe', 2139, 1867, ''),
(3225, 3438, '1997-03-26', 'F', 390, 'Après-midi.Beau temps.Dans une vieille souche de Hêtre.En forêt', 2125, 1867, ''),
(3226, 3438, '1997-05-10', 'M', 600, 'Après-midi.Temps doux et variable.Au vol près d''un tas de branches de Chêne.Le long d''un chemin forestier', 2139, 1867, ''),
(3227, 3438, '1998-05-08', 'F', 300, 'Après-midi.Beau temps chaud.Sur le feuillage d''un petit Chêne.Colline cacaire', 2271, 1867, ''),
(3228, 3438, '1998-06-09', 'F', 360, 'Temps couvert plus ou moins chaud.Sur des bûches de Hêtre.En forêt', 2605, 1867, ''),
(3229, 3438, '2000-05-01', 'M', 420, 'Temps chaud.Sur un Genêt.Dans une ancienne coupe', 2606, 1876, ''),
(3230, 3440, '1964-06-10', 'F', 550, 'Après-midi.Dans une cavité d''un tronc de Hêtre abattu récemment.Petite clairière', 2139, 1867, ''),
(3231, 3440, '1974-01-23', 'M', 560, 'Dans un vieux tronc de Hêtre abattu, en présence de nombreuses larves.Petite clairière', 2139, 1867, ''),
(3232, 3440, '1996-08-17', 'M', 390, 'Après-midi.Beau temps chaud.Sous une bûche.En forêt', 2125, 1867, ''),
(3233, 3440, '1997-09-10', 'M', 345, 'En loge dans une vieille souche de Peuplier (présence de nymphes).Bosquet au bord de la rivière St-Nicolas', 2318, 1867, ''),
(3234, 3444, '1997-07-09', 'F', 222, 'Beau temps chaud.Dans un excrément pileux de Carnivore.Chemin forestier empierré', 2424, 1867, ''),
(3235, 3441, '1996-07-27', 'F', 280, 'Après-midi.Temps lourd.Sur un excrément d'' Insectivore.Chemin forestier', 2590, 1867, ''),
(3236, 3441, '1999-07-29', 'F', 400, 'Après-midi.Beau temps chaud.Sur un excrément de Carnivore contenant des poils (3individus).Chemin forestier empierré.Colline calcaire', 2613, 1867, ''),
(3237, 3443, '1994-04-23', 'F', 235, 'Après-midi.Beau temps.Sous un excrément pileux de Carnivore.Chemin entre une ancienne coupe et la forêt', 2614, 1867, ''),
(3238, 3443, '1997-03-30', 'F', 440, 'Après-midi.Temps plus ou moins couvert et frais.Dans un viel excrément de Carnivore contenant des poils.Sentier sablonneux dans une jeune plantation de mélèzes', 2126, 1867, ''),
(3239, 3443, '1997-05-13', 'F', 370, 'Après-midi.Temps doux et pluvieux.Sous un viel excrément pileux de Carnivore.Chemin herbeux en lisière d'' une jeune plantation', 2616, 1867, ''),
(3240, 3443, '2000-05-03', 'F', 235, 'Beau temps chaud.Sous un vieil excrément de Carnivore.Sentier forestier caillouteux', 2133, 1867, ''),
(3241, 3442, '1995-08-17', 'F', 400, 'Après-midi.Beau temps.Sous une peau de Mouton (en grand nombre).Colline calcaire', 2618, 1876, ''),
(3242, 3442, '2002-07-30', 'F', 350, 'Sur le carrelage du sol de la cuisine', 2117, 1867, ''),
(3243, 4053, '1970-07-10', 'F', 370, 'Au vol,vers 22H,dans l''appartement (2 rue Dorey;3ème étage)', 2620, 1867, ''),
(3244, 4054, '1975-04-02', 'M', 150, 'Matinée plus ou moins ensoleillée ,douce.Au fond de son terrier dans un sol plus ou moins sablonneux.Plantation d''Eucalyptus avec Chênes-verts', 2621, 1875, ''),
(3245, 3445, '1991-05-09', 'M', 200, NULL, 2622, 1875, NULL),
(3246, 3446, '1972-06-08', 'M', 1150, 'Dans une bouse de Vache.Pâturage sommital', 2141, 1867, ''),
(3247, 3446, '1975-09-01', 'M', 425, 'Après-midi.Temps doux,plus ou moins couvert.Mâle:au vol en lisière de forêt.Femelle:dans terrier sous une petite bouse de Vache en lisière.Pâturage enclavé en forêt', 2139, 1867, ''),
(3248, 3446, '1992-07-31', 'F', 250, 'Après-midi.Temps très chaud.Dans un crottin de Cheval.Chemin forestier', 2625, 1867, ''),
(3249, 3446, '1993-08-03', 'F', 750, 'Après-midi.Temps lourd et orageux.Près d'' une bouse de Vache.Pâturage en lisière de forêt', 2626, 1867, ''),
(3250, 3446, '1995-08-02', 'M', 360, 'Crépuscule.Sur un amas de sciure.En forêt', 2239, 1867, ''),
(3251, 3446, '1996-07-27', 'F', 280, 'Après-midi.Temps lourd.Sous un excément indéterminé.Chemin forestier', 2590, 1867, ''),
(3252, 3446, '1996-08-31', 'M', 990, 'Après-midi.Temps couvert et doux.Dans une bouse de Vache.Pâturage enclavé en forêt', 2629, 1867, ''),
(3253, 3447, '1987-07-11', 'M', 850, 'Au vol en plein soleil.Petite clairière à flanc de montagne', 2201, 1867, ''),
(3254, 3447, '1987-07-14', 'F', 950, 'Après-midi.Beau temps chaud.Dans un excrément Humain.En forêt', 2201, 1867, ''),
(3255, 3447, '1993-06-19', 'M', 900, 'Après-midi.Temps très chaud.Sur un sentier forestier', 2201, 1867, ''),
(3256, 3447, '1995-06-17', 'F', 750, 'Après-midi.Temps maussade.Dans une bouse de Vache.Petit pâturage à flanc de montagne', 2626, 1867, ''),
(3257, 3447, '2001-08-23', 'F', 405, 'Beau temps chaud.Sous un excrément Humain.Chemin forestier sableux.Forêt de Pins', 2634, 1867, ''),
(3258, 3448, '1964-06-15', 'F', 400, 'Après-midi.Sur la croûte d''une bouse de Vache.En lisière d''un pâturage enclavé en forêt', 2243, 1867, ''),
(3259, 3448, '2002-07-22', 'M', 212, 'Après-midi.Beau temps chaud.Dans un tas de Pommes pourries abandonnées en bordure d''un chemin forestier', 2116, 1867, ''),
(3260, 3449, '1975-04-27', 'F', 290, 'Après-midi.Temps chaud et ensoleillé.Dans son terrier sous un crottin de Cheval.Pâturage sur colline calcaire', 2344, 1867, ''),
(3261, 3449, '1992-09-23', 'F', 425, 'Après-midi.Temps doux et couvert.Dans son terrier sous une bouse de Vache.Pâturage sur sol argilo-sableux', 2638, 1867, ''),
(3262, 3449, '1992-09-30', 'M', 435, 'Après-midi.Temps doux et couvert.Dans son terrier sous une bouse de Vache.Pâturage', 2639, 1867, ''),
(3263, 3449, '1992-10-07', 'M', 425, 'Après-midi.Temps doux et couvert.Dans un terrier sous une bouse de Vache.Pâturage', 2638, 1867, ''),
(3264, 3449, '1994-08-28', 'M', 390, 'Après-modi.Beau temps.Dans son terrier sous une bouse de Vache.Pâturage sur coteau argilo-sableux', 2641, 1867, ''),
(3265, 3449, '1994-09-03', 'M', 400, 'Beau temps.Dans son terrier sous une bouse de Vache.Pâturage sur colline calcaire', 2613, 1867, ''),
(3266, 3450, '1975-09-01', 'M', 420, 'Après-midi.Temps doux plus ou moins couvert.Dans son terrier sous une bouse de Vache.Pâturage enclavé en forêt', 2243, 1867, ''),
(3267, 3450, '1976-08-05', 'F', 400, 'Matin.Temps chaud et ensoleillé.Dans son terrier sous un crottin de Cheval.Pâturage sur colline calcaire', 2301, 1867, ''),
(3268, 3450, '1977-08-07', 'M', 400, 'Matin.Temps très chaud et ensoleillé.Dans un crottin de Cheval.Pâturage sur colline calcaire', 2301, 1867, ''),
(3269, 3450, '1990-08-10', 'F', 435, 'Après-midi.Temps chaud et ensoleillé.Dans son terrier sous une bouse de Vache.Pâturage sur sol argilo-sableux', 2639, 1867, ''),
(3270, 3450, '1991-08-29', 'M', 380, 'Après-midi.Beau temps chaud.Dans son terrier sous une bouse de Vache.Pâturage sur sol argilo-calcaire', 2516, 1867, ''),
(3271, 3450, '1993-08-01', 'M', 290, 'Après-midi.Beau temps chaud.Sous un crottin de Cheval.Sentier sur colline calcaire', 2271, 1867, ''),
(3272, 3450, '1993-08-06', 'F', 575, 'Après-midi.Beau temps chaud.Dans son terrier sous une bouse de Vache.Pâturage ouvert sur sol calcaire', 2649, 1867, ''),
(3273, 3450, '1996-07-23', 'M', 280, 'Temps nuageux.Dans son terrier sous bouse de Vache.Pâturage sur sol argilo-calcaire', 2650, 1867, ''),
(3274, 3450, '2000-08-11', 'M', 415, 'Beau temps chaud.Dans un terrier peu profond sous un excrément Humain.Endroit découvert', 2651, 1867, ''),
(3275, 3451, '1974-09-16', 'M', 420, 'Après-midi.Temps chaud et orageux.Dans son terrier sous une bouse de Vache.Pâturage enclavé en forêt', 2243, 1867, ''),
(3276, 3451, '1975-04-19', 'M', 400, 'Après-midi.Temps plus ou moins couvert et chaud.Dans son terrier sous un crottin de Cheval.Pâturage sur colline calcaire', 2301, 1867, ''),
(3277, 3451, '1989-08-21', 'F', 1500, 'Après-midi.Temps orageux plus ou moins pluvieux.Dans son terrier sous une bouse de Vache.Pâturage', 2249, 1867, ''),
(3278, 3451, '1992-08-06', 'M', 750, 'Après-midi.temps très chaud.Dans une bouse de Vache.Petit pâturage à flanc de montagne', 2626, 1867, ''),
(3279, 3451, '1995-08-15', 'M', 400, 'Après-midi.Beau temps.Dans son terrier sous une crotte de Mouton.Pâturage sur sol argilo-sableux', 2656, 1867, ''),
(3280, 3452, '2000-08-11', 'M', 415, 'Temps beau et chaud.Sous un excrément Humain.Endroit découvert', 2651, 1876, ''),
(3281, 3452, '2000-08-14', 'M', 200, 'Beau temps chaud.Sous un excrément Humain.En forêt', 2658, 1867, ''),
(3282, 3453, '1968-08-13', 'M', 420, 'Après-midi.Temps chaud.Dans une bouse de Vache.Pâturage enclavé en forêt, sur sol d''origine métamorphique. ', 2243, 1867, ''),
(3283, 3453, '1992-09-03', 'M', 395, 'Après-midi.Temps couvert et doux.Dans une crotte de Mouton.Pâturage enclavé en forêt', 2660, 1867, ''),
(3284, 3454, '1968-08-13', 'M', 420, 'Après-midi.Dans une bouse sèche de Vache.Pâturage enclavé en forêt', 2243, 1867, ''),
(3285, 3454, '1976-08-03', 'F', 420, 'Matin.Beau temps,chaud.Dans une bopuse peu fraîche de Vache.Pâturage enclavé en forêt ', 2243, 1867, ''),
(3286, 3454, '1989-08-15', 'F', 1600, 'Après-midi.Beau temps,chaud.Dans une bouse pas très fraîche de Vache.Pâturage', 2249, 1867, ''),
(3287, 3454, '1991-08-25', 'M', 380, 'Après-midi.Temps couvert,doux.Dans une bouse de Vache (Croûte durcie).Pâturage enclavé en forêt sur 3 côtés', 2516, 1867, ''),
(3288, 3454, '1993-08-15', 'M', 1100, 'Après-midi.Beau temps.Dans une bouse de Vache.Pâturage sommital', 2665, 1867, ''),
(3289, 3454, '1993-08-18', 'M', 560, 'Après-midi.Beau temps,chaud.Dans une bouse de Vache.Pâturage sur sol calcaire', 2458, 1867, ''),
(3290, 3454, '1996-07-23', 'F', 280, 'Temps nuageux.Dans une bouse de Vache.Pâturage sur sol argilo-calcaire', 2650, 1867, ''),
(3291, 3455, '1975-04-27', 'F', 290, 'Après-midi.Temps chaud et ensoleillé.Dans un crottin de Cheval.Pâturage sur colline calcaire', 2344, 1867, ''),
(3292, 3455, '1992-08-19', 'F', 250, 'Après-midi.Temps lourd et orageux.Dans un crottin de Cheval.Chemin forestier', 2625, 1867, ''),
(3293, 3455, '1997-07-17', 'F', 235, 'Après-midi.Temps doux plus ou moins couvert.Dans laissées de Cervidés sur pré en lisière de forêt', 2133, 1867, ''),
(3294, 3456, '1968-08-13', 'M', 420, 'Après-midi.Dans une bouse de Vache.Pâturage enclavé en forêt', 2243, 1867, ''),
(3295, 3456, '1990-05-08', 'M', 340, 'Après-midi.Temps couvert et orageux.Dans oue bouse de Vache.Pâturage sur sol argileux', 2318, 1867, ''),
(3296, 3457, '1968-05-15', 'M', 420, 'Après-midi.Dans une bouse fraîche de Vache.Pâturage enclavé en forêt', 2243, 1867, ''),
(3297, 3457, '1975-05-01', 'M', 410, 'Matin.Temps doux et ensoleillé.Dans un crottin de Cheval.Parc à chevaux enclavé en forêt', 2778, 1867, ''),
(3298, 3457, '1990-05-08', 'M', 340, 'Après-midi.Temps couvert et orageux.Dans une bouse de Vache.Pâturage sur sol argileux', 2318, 1867, ''),
(3299, 3457, '1990-05-22', 'M', 435, 'Après-midi.Temps chaud et plus ou moins couvert.Dans une bouse de Vache.Pâturage sur sol argilo-sableux', 2676, 1867, ''),
(3729, 4482, '2012-08-18', 'M', 390, 'Fin de matinée. Beau temps, très chaud. Dans une crotte de Mouton. Pelouse sèche sur colline calcaire. Exposition Sud.', 3052, 1876, ''),
(3301, 3458, '2000-08-10', 'F', 15, 'Beau temps chaud.Sous une crotte sèche de Cervidé.Sur sol humide en lisière de forêt', 3029, 1867, ''),
(3302, 3459, '1976-04-05', 'F', 400, 'Après-midi.Temps doux,plus ou moins couvert.Sous un crottin sec de Cheval (Automne précédent).Pâturage en lisière de bois', 2301, 1867, ''),
(3303, 3459, '1976-04-10', 'F', 400, 'Après-midi.Temps ensoleillé,frais et venteux.Dans un crottin sec de Cheval (parties les plus humides).Pâturage en lisière de bois sur sol calcaire', 2301, 1867, ''),
(3304, 3460, '1992-09-16', 'F', 450, 'Après-midi.Dans des laissées de Chevreuil.En forêt sur sol grèseux', 2681, 1867, ''),
(3305, 3460, '1993-07-16', 'F', 430, 'Après-midi.Beau temps.Dans un crottin de Cheval (Une vingtaine d'' exemplaires).Chemin forestier', 2233, 1867, ''),
(3306, 3460, '1999-08-14', 'F', 235, 'Après-midi.Temps plus ou moins couvert et doux.Dans un crottin de Cheval.Chemin forestier', 2238, 1867, ''),
(3307, 3461, '1992-08-19', 'M', 250, 'Après-midi.Temps lourd et orageux.Dans un crottin de Cheval.Chemin forestier', 2625, 1867, ''),
(3308, 3461, '1993-08-07', 'F', 500, 'Après-midi.Beau temps chaud.Dans un crottin de Cheval.Sentier en forêt', 2272, 1875, ''),
(3309, 3461, '1993-08-28', 'F', 510, 'Après-midi.Temps frais et humide.Dans un crottin de Cheval.Chemin empierré en bordure de forêt', 2686, 1876, ''),
(3310, 3461, '1998-08-07', 'M', 720, 'Après-midi.Beau temps,chaud.Dans un crottin de Cheval.Chemin forestier dans forêt sur sol calcaire', 2181, 1867, ''),
(3311, 3461, '1999-08-14', 'F', 235, 'Après-midi.Temps plus ou moins couvert,doux.Dans un crottin de Cheval.Chemin forestier', 2238, 1867, ''),
(3312, 3462, '1968-08-13', 'M', 420, 'Après-midi.Dans une bouse fraîche de Vache.Pâturage enclavé en forêt', 2243, 1867, ''),
(3313, 3462, '1989-08-15', 'M', 1600, 'Après-midi.Beau temps,chaud.Dans une bouse de Vache.Pâturage', 2249, 1867, ''),
(3314, 3463, '1976-07-21', 'M', 2000, 'Dans une bouse de Vache', 2691, 1875, ''),
(3315, 3464, '1971-04-20', 'F', 400, 'Dans crottes de Mouton. Colline calcaire', 2618, 1867, ''),
(3316, 3464, '1993-04-29', 'F', 290, 'Après-midi.Beau temps chaud. Dans crottin de Cheval. Colline calcaire', 2271, 1867, ''),
(3317, 3464, '1995-04-15', 'F', 400, 'Après-midi.Temps frais.Dans bouse de Vache.Pâturage sur sol calcaire', 2613, 1867, ''),
(3318, 3465, '1968-05-15', 'F', 420, 'Après-midi. Dans bouse de Vache. Pâturage enclavé en forêt', 2243, 1867, ''),
(3320, 3465, '1991-08-22', 'F', 1000, 'Après-midi.Beau temps chaud. Dans bouse de Vache. Pâturage sommital', 2697, 1867, ''),
(3321, 3465, '1992-08-06', 'F', 750, 'Après-midi.Temps très chaud. Dans bouse de Vache. Petite pâture à flanc de montagne ', 2626, 1867, ''),
(3322, 3465, '1992-09-07', 'F', 450, 'Après-midi.Temps doux. Dans crottes de Chevreuil. En forêt', 2681, 1867, ''),
(3323, 3465, '1996-08-31', 'M', 990, 'Après-midi.Temps plus ou moins couvert,doux. Dans une bouse de Vache. Pâturage enclavé en forêt', 2629, 1867, ''),
(3324, 3465, '1997-08-02', 'F', 600, 'Temps doux,couvert. Dans une bouse de Vache. Pâturage en coteau sur sol calcaire', 2181, 1867, ''),
(3325, 3466, '1963-05-10', 'F', 300, 'Dans une bouse fraîche de Vache.Pâturage sur sol calcaire', 2702, 1867, ''),
(3327, 3466, '1995-04-15', 'F', 400, 'Après-midi.Temps frais.Dans une bouse de Vache.Pâturage sur sol calcaire', 2613, 1867, ''),
(3328, 3467, '1997-05-14', 'M', 300, 'Après-midi.Beau temps.Dans laissées de Cervidés.Petite clairière dans parc animalier', 2128, 1867, ''),
(3329, 3468, '1970-05-14', 'M', 400, 'Dans une crotte de Mouton.Pâturage sur colline calcaire', 2618, 1867, ''),
(3330, 3468, '1976-05-24', 'M', 420, 'Après-midi.Temps beau et chaud.Dans une bouse de Vache.Pâturage enclavé en forêt', 2243, 1867, ''),
(3331, 3468, '1976-04-21', 'F', 400, 'Après-midi.temps ensoleillé et chaud.Dans une bouse de Vache.Pâturage à flanc de colline calcaire', 2301, 1867, ''),
(3332, 3469, '1996-10-15', 'M', 500, 'Temps frais.Dans un crottin de Cheval.Forêt sur sol calcaire', 2272, 1867, ''),
(3333, 3469, '1996-10-15', 'M', 560, 'Temps frais.Dans un crottin de Cheval.Pâturage en lisière de forêt sur sol calcaire', 2246, 1867, ''),
(3335, 3469, '2001-10-17', 'M', 380, 'Après-midi.Beau temps et doux.Dans des crottins peu frais de Cheval.Chemin en forêt sur sol calcaire', 2154, 1867, ''),
(3336, 3470, '1992-09-03', 'F', 395, 'Après-midi.Temps couvert et doux.Dans une crotte de Mouton.Pâturage enclavé en forêt', 2660, 1867, ''),
(3337, 3470, '1993-09-21', 'M', 395, 'Après-midi.Temps couvert et chaud.Dans un crottin frais de Cheval.Pâturage sur sol calcaire', 2301, 1867, ''),
(3338, 3470, '1994-10-08', 'M', 400, 'Temps frais.Dans une crotte de Mouton.Pâturage sur colline calcaire', 2618, 1867, ''),
(3339, 3470, '1994-10-15', 'M', 300, 'Après-midi.Beau temps,chaud.Dans un crottin de Cheval.Chemin', 2271, 1867, ''),
(3340, 3470, '1996-08-31', 'M', 990, 'Après-midi.Temps couvert et doux.Dans une bouse de Vache.Pâturage enclavé en forêt', 2629, 1867, ''),
(3341, 3470, '1996-10-06', 'M', 600, 'Après-midi.Temps couvert et frais.Dans un crottin de Cheval.Chemin forestier', 2139, 1867, ''),
(3342, 3471, '1992-08-19', 'F', 250, 'Après-midi.temps lourd et orageux.Dans un crottin de Cheval.Chemin forestier', 2625, 1867, ''),
(3343, 3471, '1992-09-07', 'M', 450, 'Après-midi.Beau temps,chaud.Dans une crotte de Chevreuil.En forêt', 2681, 1867, ''),
(3344, 3471, '1995-05-01', 'F', 420, 'Après-midi.Beau temps.Dans une bouse de Vache.Pâturage,en lisière de forêt', 2243, 1867, ''),
(3345, 3471, '1997-05-14', 'F', 300, 'Après-midi.Beau temps,chaud.Dans un excrément de Sanglier.Parc animalier en forêt', 2128, 1867, ''),
(3346, 3471, '1998-05-22', 'F', 600, 'Après-midi.Temps plus ou moins couvert.Dans une crotte de Chien.Chemin en forêt', 2277, 1867, ''),
(3347, 3471, '2001-10-17', 'M', 380, 'Après-midi.Beau temps,doux.Dans un crottin de Cheval.Sentier dans bois de feuillus sur sol calcaire', 2154, 1867, ''),
(3348, 3472, '1993-03-10', 'F', 250, 'Après-midi.Beau temps,doux.Dans un crottin peu frais de Cheval.En forêt dans la partie dégagée sous une ligne à haute tension', 2625, 1867, ''),
(3350, 3473, '1972-04-20', 'M', 400, 'Après-midi.Temps couvert,humide et frais.Dans des crottes de Mouton (assez abondant).Pâturage sur sol calcaire', 2618, 1867, ''),
(3351, 3473, '1975-10-22', 'M', 420, 'Après-midi.Temps ensoleillé et frais.Dans une bouse de Vache peu fraîche.Pré servant de pâturage occasionnel', 2243, 1867, ''),
(3352, 3473, '1990-03-21', 'M', 360, 'Après-midi.temps doux plus ou moins ensoleillé.Dans une crotte de Chien assez fraîche.Pré', 2729, 1867, ''),
(3353, 3473, '1992-09-23', 'M', 425, 'Après-midi.Temps couvert et doux.Dans une bouse de Vache.Pâturage', 2638, 1867, ''),
(3354, 3473, '1997-03-16', 'M', 475, 'Temps chaud plus ou moins ensoleillé.Dans une bouse sèche de Vache', 2731, 1876, ''),
(3355, 3474, '1972-04-15', 'M', 465, 'Après-midi.Temps ensoleillé.Au vol,dans un chemin forestier', 2139, 1867, ''),
(3356, 3474, '1972-04-13', 'M', 400, 'Après-midi.temps doux et plus ou moins ensoleillé.Dans une crotte de Mouton.Pâturage sur sol calcaire', 2618, 1867, ''),
(3357, 3474, '1990-03-21', 'M', 360, 'Après-midi.Temps doux,plus ou moins ensoleillé.Dans une crotte de Chien assez fraîche.Pré', 2729, 1867, ''),
(3358, 3474, '1992-10-01', 'M', 450, 'Après-midi.Temps doux et couvert.Dans laissées de Chevreuil.En forêt', 2681, 1867, ''),
(3359, 3474, '1993-04-07', 'F', 365, 'Après-midi.Temps frais.Dans un crottin de Cheval.En forêt', 2411, 1867, ''),
(3360, 3475, '1994-10-29', 'M', 400, 'Après-midi.Temps frais et humide.Dans des bouses fraîches de Vache.Pâturage sur sol calcaire', 2613, 1867, ''),
(3361, 3475, '1996-10-15', 'M', 570, 'Temps frais.Dans des crottes de Mouton.Pâturage sur sol calcaire', 2458, 1867, ''),
(3362, 3475, '1997-03-02', 'F', 400, 'Temps beau et chaud.Dans une crotte de Mouton.Parc à flanc de colline', 2739, 1876, ''),
(3363, 3476, '1975-07-12', 'F', 2240, 'Après-midi.Teùps ensoleillé,chaud.Dans un crottin d''Ane près d'' une bergerie', 2142, 1875, ''),
(3364, 3477, '1997-05-24', 'F', 450, 'Temps chaud,couvert et venteux.Dans un crottin de Mouton.Parc à moutons', 2739, 1876, ''),
(3365, 3479, '1972-04-24', 'M', 400, 'Dans une crotte de Mouton.Pâturage sur sol calcaire', 2618, 1867, ''),
(3366, 3479, '1975-04-27', 'M', 290, 'Après-midi.Temps chaud et ensoleillé.Dans un crottin pas très frais de Cheval.Pâturage sur sol calcaire', 2344, 1867, ''),
(3367, 4484, '1981-04-12', 'F', 6, '', 2744, 1875, ''),
(3368, 3480, '1992-09-13', 'M', 430, 'Après-midi.Beau temps.Sous un crottin de Cheval.Sentier forestier', 2233, 1867, ''),
(3369, 3480, '1998-09-01', 'M', 430, 'Après-midi.temps doux et couvert.Dans un crottin de Cheval.Sentier forestier', 2233, 1876, ''),
(3370, 3481, '1990-06-07', 'M', 160, 'Larves prélevées dans un pétoulier de Lapins le 08/04/1990.Imagos le 07/06/1990', 2747, 1875, ''),
(3371, 3482, '1968-08-13', 'M', 420, 'Après-midi.Dans une bouse de Vache.Pâturage enclavé en forêt', 2243, 1867, ''),
(3372, 3482, '1989-08-15', 'M', 1500, 'Après-midi.Beau temps et chaud.Dans des bouses de Vache pas très fraîches.Pâturage', 2249, 1867, ''),
(3373, 3482, '1992-09-19', 'M', 430, 'Après-midi.Dans des crottes de Mouton (pièges).En forêt', 2233, 1867, ''),
(3374, 3482, '1993-03-27', 'F', 355, 'Après-midi.Temps frais.Dans du fumier répandu sur un pré', 2751, 1867, ''),
(3375, 3482, '1993-08-06', 'M', 575, 'Après-midi.Beau temps chaud.Dans une bouse de Vache.Pâturage sur sol calcaire', 2649, 1867, ''),
(3376, 3483, '1971-07-15', 'F', 475, 'Après-midi.Dans un crottin de Cheval.Sur un sentier sablonneux de colline boisée', 2147, 1867, ''),
(3377, 3483, '1993-07-18', 'F', 600, 'Après-midi.Temps couvert.Dans des crottins peu frais de Cheval.Petit pâturage', 2754, 1867, ''),
(3378, 3483, '1993-08-01', 'F', 290, 'Après-midi.Beau temps chaud.Dans un crottin de Cheval.Chemin sur colline calcaire', 2271, 1867, ''),
(3379, 3483, '1993-08-18', 'F', 570, 'Après-midi.Beau temps chaud.Dans des bouses de Vache.Pâturage sur sol calcaire', 2458, 1867, ''),
(3380, 3484, '1979-07-07', 'F', 400, NULL, 2757, 1875, NULL),
(3381, 3485, '1994-05-22', 'F', 360, 'Après-midi.Beau temps.Dans crottin frais de Cheval.Endroit semi-découvert', 2344, 1867, ''),
(3382, 3485, '1995-04-15', 'F', 400, 'Après-midi.Temps frais.Dans une bouse de Vache.Pâturage sur sol calcaire', 2613, 1867, ''),
(3383, 3485, '1995-05-03', 'F', 570, 'Après-midi.Beau temps chaud.Dans une bouse de Vache.Pâturage sur sol calcaire', 2458, 1867, ''),
(3384, 3488, '2002-06-15', 'F', 1120, 'Après-midi.Temps couvert,assez frais.Dans une bouse de Vache.Pâturage d'' été. Var.noire rupicola Muls.', 3035, 1876, ''),
(3385, 3486, '1979-07-16', 'F', 900, NULL, 2762, 1875, NULL),
(3386, 3487, '1974-07-26', 'F', 400, 'Après-midi.Beau temps chaud.Dans une bouse de Vache presque sèche.Pâturage sur flanc de colline calcaire', 2301, 1867, ''),
(3387, 3487, '1976-08-03', 'F', 420, 'Matin.Beau temps chaud.Dans une bouse de Vache peu fraîche.Pâturage enclavé en forêt', 2243, 1867, ''),
(3388, 3487, '1990-08-10', 'M', 435, 'Après-midi.Temps chaud.Dans une bouse de Vache.Pâturage sur sol argilo-sableux', 2639, 1867, ''),
(3389, 3487, '1991-08-25', 'F', 380, 'Après-midi.Temps couvert,doux.Dans une bouse de Vache.Pâturage sur sol argilo-calcaire', 2516, 1867, ''),
(3390, 3487, '1995-08-17', 'M', 400, 'Après-midi.Beau temps.Dans une crotte de Mouton.Pâturage sur sol calcaire', 2618, 1867, ''),
(3391, 3487, '1997-05-17', 'F', 475, 'Temps chaud,venteux.Dans une bouse de Vache.Pâturage sur sol calcaire', 2731, 1876, ''),
(3392, 3488, '1975-07-12', 'F', 2240, 'Après-midi.Beau temps,ensoleillé et chaud.Dans un crottin d'' Ane,près d'' une bergerie', 2142, 1875, ''),
(3393, 3489, '1996-07-23', 'M', 280, 'Temps nuageux. Dans bouse  de Vache. Pâturage sur sol argilo-calcaire', 2650, 1867, ''),
(3394, 3490, '1997-07-26', 'M', 235, 'Après-midi.Temps chaud.Dans des crottes de Cervidés.Pelouse en lisière de forêt sur sol siliceux', 2133, 1867, ''),
(3395, 3491, '1990-03-17', 'M', 355, 'Après-midi.Temps doux et ensoleillé.Dans des bouses sèches de Vache de l'' automne précédent (Parties encore humides).Pré servant de pâturage occasionnel', 2729, 1867, ''),
(3396, 3491, '1995-04-29', 'M', 350, 'Après-midi.Temps doux.Dans une crotte de Renard.Chemin forestier', 2202, 1876, ''),
(3397, 3492, '1996-07-23', 'M', 280, 'Temps nuageux.Dans une bouse de Vache.Pâturage sur sol argilo-calcaire', 2650, 1867, ''),
(3398, 3493, '1968-08-13', 'F', 420, 'Dans une bouse de Vache.Pâturage enclavé en forêt', 2243, 1867, ''),
(3399, 3493, '1975-04-28', 'F', 400, 'Après-midi.Temps chaud ensoleillé.Dans une bouse de Vache.Pâturage sur sol calcaire', 2301, 1867, ''),
(3400, 3493, '1975-04-27', 'F', 290, 'Après-midi.Temps chaud et ensoleillé.Dans un crottin de Cheval.Pâturage sur sol calcaire', 2344, 1867, ''),
(3403, 3493, '1994-04-23', 'F', 235, 'Beau temps.Dans une crotte de Chien.Terrain vague en bordure de forêt', 2238, 1867, ''),
(3404, 3493, '1995-05-03', 'F', 570, 'Après-midi.Beau temps,chaud.Dans la croûte sèche d'' une bouse de Vache.Pâtuirage sur sol calcaire', 2458, 1867, ''),
(3405, 3494, '1973-08-04', 'F', 400, 'Dans une crotte de Mouton.Colline calcaire', 2618, 1867, ''),
(3406, 3494, '1976-04-10', 'F', 400, 'Après-midi.Temps ensoleillé,venteux et frais.Dans un crottin presque sec de Cheval.Pâturage sur sol calcaire', 2301, 1867, ''),
(3407, 3494, '1997-03-16', 'F', 475, 'Temps chaud;plus ou mois ensoleillé.Dans une bouse sèche de Vache.Colline calcaire', 2784, 1876, ''),
(3409, 4466, '1968-07-20', 'F', NULL, 'Matinée.Dans les dunes de sable,roulant sa boule.Bord de mer', 2786, 1875, ''),
(3410, 4466, '1976-04-01', 'F', NULL, 'Au vol au-dessus du sable des dunes', 2787, 1875, ''),
(3761, 4492, '2014-03-21', 'F', 270, 'Fin d''après-midi. Temps doux, couvert avec vent. Sur un trottoir surplombé par une banquette riche en carex.', 3069, 1875, ''),
(3412, 3497, '1981-04-14', 'M', 5, 'Dans du crottin de Cheval', 2789, 1875, ''),
(3413, 3499, '1971-05-12', 'F', 400, 'Après-midi.Sous une crotte de Mouton.Colline calcaire', 2618, 1867, ''),
(3414, 3499, '1975-05-07', 'M', 400, 'Après-midi.Temps orageux.Dans son terrier,sous une bouse de Vache.Pâturage sur colline calcaire', 2301, 1867, ''),
(3415, 3499, '1976-05-17', 'M', 410, 'Matin.temps chaud,ensoleillé et venteux.Dans un court terrier sous un crottin de Cheval.Parc à chevaux enclavé en forêt', 2778, 1867, ''),
(3416, 3499, '1991-08-29', 'M', 380, 'Après-midi.Beau temps chaud.Dans son terrier sous une bouse de Vache.Pâturage sur sol argilo-calcaire', 2516, 1867, ''),
(3417, 3499, '1991-09-07', 'F', 375, 'Après-midi.Beau temps chaud.Dans son terrier sous un crottin de Cheval.Pâturage sur sol argilo-cacaire', 2794, 1867, ''),
(3418, 3499, '1994-09-03', 'M', 400, 'Dans leur terrier sous une bouse de Vache.Pâturage sur sol calcaire', 2613, 1867, ''),
(3419, 3499, '1997-05-14', 'M', 300, 'Après-midi.Beau temps.Sous une laissée de Cerf.Petite clairière dans un parc animalier en forêt', 2128, 1867, ''),
(3420, 3499, '1997-05-24', 'M', 475, 'Temps chaud et venteux.Sous une bouse de Vache. Pâturage sur sol calcaire', 2731, 1876, ''),
(3421, 3500, '1991-08-25', 'F', 380, 'Après-midi.Temps couvert et doux.Dans une bouse de Vache (croûte formée).Pâturage enclavé en forêt sur 3 côtés.Sol argilo-calcaire', 2516, 1867, ''),
(3422, 3500, '1994-09-03', 'M', 400, 'Beau temps.Dans des bouses de Vache.Pâturage sur sol calcaire', 2613, 1867, ''),
(3423, 3500, '1995-08-15', 'M', 400, 'Après-midi.Beau temps.Dans des crottes de Mouton.Pâturage sur sol argilo-sableux', 2656, 1867, ''),
(3424, 3500, '1995-08-25', 'M', 425, 'Après-midi.Temps pluvieux et frais.Dans une bouse de Vache.Pâturage enclavé en forêt', 2243, 1867, ''),
(3425, 3500, '1998-07-18', 'M', 1450, 'Beau temps chaud.Dans une bouse de Vache.Pâturage  de montagne', 2250, 1867, ''),
(3426, 3501, '1980-08-07', 'M', 8, 'Dans une bouse de Taureau', 2803, 1875, ''),
(3732, 3502, '2012-08-18', 'M', 375, 'Fin de matinée. Beau temps, très chaud. Dans crottes de Mouton. Pelouse sèche sur colline calcaire.', 3052, 1867, ''),
(3428, 3502, '1996-07-23', 'M', 280, 'Temps nuageux.Dans une bouse de Vache.Pâturage sur sol argilo-calcaire', 2650, 1867, ''),
(3429, 3502, '2000-08-14', 'M', 10, 'Beau temps chaud.Dans un crottin de Cheval.Petit parc à chevaux à flanc de colline', 2806, 1867, ''),
(3430, 3503, '1975-05-20', 'M', 400, 'Après-midi.temps chaud,ensoleillé et venteux.Dans la terre, sous un crottin de Cheval.Pâturage sur colline calcaire', 2301, 1867, ''),
(3431, 3503, '1977-08-10', 'F', 425, 'Après-midi.Temps chaud plus ou moins couvert.Dans une bouse de Vache peu fraîche.Pâturage enclavé en forêt', 2243, 1867, ''),
(3432, 3503, '1992-08-19', 'M', 250, 'Après-midi.Temps lourd et orageux.Dans un crottin de Cheval.Chemin forestier', 2625, 1867, ''),
(3433, 3503, '1993-08-28', 'F', 560, 'Après-midi.Temps frais et humide.Dans une bouse de Vache.Pâturage sur sol calcaire', 2458, 1867, ''),
(3434, 3503, '1995-08-27', 'M', 415, 'Après-midi.Temps gris.Dans une crotte de Mouton.Pâturage sur colline calcaire', 2618, 1867, ''),
(3435, 3503, '1995-08-31', 'M', 340, 'Après-midi.Temps plus ou moins couvert.Dans une bouse de Vache.Pâturage sur sol argileux', 2318, 1867, ''),
(3436, 3503, '1996-07-23', 'M', 280, 'Temps nuageux.Dans une bouse de Vache.Pâturage sur sol argilo-calcaire', 2650, 1867, ''),
(3437, 3503, '1996-08-31', 'M', 990, 'Après-midi.Temps plus ou moins couvert et doux.Dans une bouse de Vache.Pâturage enclavé en forêt', 2629, 1867, ''),
(3438, 3503, '1995-10-01', 'M', 410, 'Après-midi.Temps maussade.Dans une bouse de Vache.Pâturage enclavé en forêt', 2243, 1867, ''),
(3439, 3504, '1992-08-26', 'M', 390, 'Après-midi.Temps lourd et orageux.Dans une crotte de Mouton.Parc sur sol argilo-sableux (1 taurus parmi une cinquantaine d'' illyricus)', 2816, 1867, ''),
(3440, 3504, '1994-08-28', 'M', 390, 'Beau temps.Dans une bouse de Vache.Pâturage sur coteau au sol argilo-sableux', 2641, 1867, ''),
(3441, 3504, '1994-09-03', 'M', 400, 'Beau temps.Dans une bouse de Vache.Pâturage sur sol calcaire', 2613, 1867, ''),
(3442, 3504, '1995-08-15', 'M', 400, 'Après-midi.Beau temps.Dans des crottes de Mouton.Pâturage sur sol argilo-sableux', 2656, 1867, ''),
(3443, 3504, '1996-07-23', 'F', 280, 'Temps nuageux.Dans une bouse de Vache.Pâturage sur sol argilo-calcaire', 2650, 1867, ''),
(3444, 3504, '1997-05-17', 'M', 450, 'Après-midi.Temps chaud et venteux.Dans une bouse de Vache.Pâturage sur colline calcaire', 2731, 1876, ''),
(3445, 3504, '2000-08-14', 'M', 10, 'Beau temps chaud.Dans un crottin de Cheval.Petit parc à chevaux à flanc de colline', 2806, 1867, ''),
(3446, 3504, '1996-07-26', 'M', 200, 'Après-midi.Temps très lourd.Dans une crotte de Mouton.Enclos en bordure de route', 2823, 1867, ''),
(3447, 3505, '1981-04-17', 'F', 60, 'Dans un excrément Humain.Colline calcaire', 2824, 1875, ''),
(3448, 3505, '2001-04-25', 'F', 17, 'Souis une crotte de Faisan', 2825, 1875, ''),
(3449, 3506, '2000-08-12', 'M', 30, 'Temps doux et couvert.Dans une crotte de Chien.Chemin sur une colline', 2826, 1867, ''),
(3450, 3507, '1973-07-23', 'F', 540, '', 2827, 2787, ''),
(3451, 3508, '1993-04-28', 'M', 250, 'Après-midi.Temps beau et chaud.Dans un crottin de Cheval.Saignée en forêt sous une ligne à haute tension', 2625, 1867, ''),
(3452, 3508, '1993-05-08', 'M', 235, 'Après-midi.Temps beau et chaud.Sur un chemin en forêt', 2133, 1867, ''),
(3453, 3508, '1994-05-22', 'M', 360, 'Temps beau et chaud.Dans un crottin frais de Cheval.Endroit semi-découvert sur colline cacaire', 2344, 1867, ''),
(3454, 3508, '1999-05-01', 'M', 212, 'Après-midi.Temps chaud plus ou moins orageux.Dans un excrément de Carnivore.Bord de route', 2116, 1867, ''),
(3455, 3509, '1996-07-31', 'F', 220, 'Beau temps chaud.Dans une bouse de Vache.Pâturage sur sol argilo-calcaire', 2832, 1867, ''),
(3456, 3510, '1976-05-24', 'M', 420, 'Après-midi.Beau temps chaud.Dans une bouse de Vache.Pâturage enclavé en forêt', 2243, 1867, ''),
(3457, 3510, '1994-09-03', 'F', 400, 'Beau temps.Dans un excrément de Renard.Pâturage sur sol calcaire', 2613, 1867, ''),
(3458, 3510, '1995-04-24', 'M', 350, 'Après-midi.Temps doux.Sous un petit tas d'' herbe pourrissante (tonte).Pré', 2117, 1867, ''),
(3459, 3510, '1995-10-01', 'M', 420, 'Après-midi.Temps maussade.Dans une bouse de Vache.Päturage enclavé en forêt', 2243, 1867, ''),
(3461, 3511, '1974-09-02', 'M', 415, 'Après-midi.Temps doux,couvert et pluvieux.Dans une crotte de Mouton.Colline calcaire', 2618, 1867, ''),
(3462, 3511, '1995-06-17', 'M', 750, 'Après-midi.Temps maussade.Dans une bouse de Vache.Petit pâturage à flanc de montagne', 2626, 1867, ''),
(3463, 3511, '1996-07-27', 'M', 280, 'Après-midi.Temps lourd.Sous une vieille crotte de Chien.Chemin forestier', 2837, 1867, ''),
(3464, 3511, '1997-03-16', 'M', 425, 'Temps chaud plus ou moins ensoleillé.Dans une crotte de Mouton.Colline calcaire', 2739, 1876, ''),
(3465, 3512, '1982-07-18', 'F', 2240, NULL, 2842, 1875, NULL),
(3466, 3513, '1976-04-21', 'M', 400, 'Après-midi.Temps chaud et ensoleillé.Dans une bouse fraîche de Vache.Pâturage sur sol calcaire', 2301, 1867, ''),
(3467, 3513, '1976-05-03', 'M', 425, 'Après-midi.temps pluvieux,frais et venteux.Dans un crottin de Cheval.Pâturage enclavé en forêt', 2243, 1867, ''),
(3468, 3513, '1976-05-24', 'M', 425, 'Après-midi.Temps ensoleillé et chaud.Dans une bouse de Vache.Pâturage enclavé en forêt', 2243, 1867, ''),
(3469, 3513, '1995-09-17', 'M', 350, 'Après-midi.Beau temps.Dans une crotte de Chien', 2117, 1867, ''),
(3470, 3514, '1975-04-28', 'F', 400, 'Après-midi.Temps très chaud et ensoleillé.Dans un crottin de Cheval.Pâturage sur sol calcaire', 2301, 1867, ''),
(3471, 3514, '1976-05-24', 'M', 410, 'Après-midi.Temps chaud et ensoleillé.Dans une bouse de Vache.Pâturage enclavé en forêt', 2243, 1867, ''),
(3472, 3514, '1992-08-06', 'M', 750, 'Après-midi.Temps très chaud.Dans une bouse de Vache.Petit pâturage à flanc de montagne', 2626, 1867, ''),
(3473, 3514, '1996-08-18', 'M', 915, 'Après-midi.Beau temps chaud.Dans un crottin de Cheval.Chemin longeant la route', 2850, 1867, ''),
(3474, 3514, '1997-03-02', 'M', 400, 'Temps beau et chaud.Dans une crotte de Mouton.Parc à flanc de colline', 2739, 1876, ''),
(3475, 3515, '1989-08-20', 'M', 1600, 'Après-midi.Temps chaud plus ou moins couvert.Dans des crottins de Cheval.Pelouse sèche sur les pentes', 2249, 1867, ''),
(3476, 3515, '1992-08-06', 'M', 750, 'Après-midi.Temps très chaud.Dans une bouse de Vache.Petit pâturage à flanc de montagne', 2626, 1867, ''),
(3477, 3515, '1993-07-29', 'F', 250, 'Après-midi.Beau temps chaud.Dans crottin de Cheval.Chemin forestier', 2625, 1867, ''),
(3478, 3516, '2000-04-11', 'F', 1016, 'Dans une crotte de Chien.Sentier en lisière de forêt', 2855, 1875, ''),
(3479, 4479, '1975-04-23', 'M', 400, 'Matinée.Temps chaud ,ensoleillé et plus ou moins venteux.Dans un crottin de Cheval.Pâturage sur colline calcaire', 2301, 1867, ''),
(3480, 4479, '1976-05-19', 'M', 410, 'Matin.Temps orageux.Dans une bouse de Vache.Pâturage enclavé en forêt', 2243, 1867, ''),
(3481, 4479, '1993-04-22', 'F', 340, 'Après-midi.Temps beau et chaud.Dans une bouse de Vache.Pâturage sur sol argileux', 2318, 1867, ''),
(3482, 3517, '1996-07-23', 'M', 280, 'Temps nuageux.Dans une bouse de Vache.Pâturage sur sol argilo-calcaire', 2650, 1867, ''),
(3483, 3518, '1980-07-29', 'F', 5, 'Dans un crottin de Cheval.Piste tracée par les chevaux dans des anciennes vignes', 2860, 1875, ''),
(3484, 4294, '1991-04-29', 'M', 330, NULL, 2861, 1875, NULL),
(3485, 4295, '1974-07-30', 'M', 430, 'Matinée.Temps ensoleillé et chaud (vers 11H30).Au vol et sur Graminées.Pelouse sur colline calcaire', 2301, 1867, ''),
(3486, 4295, '1976-06-14', 'F', 290, 'Matinée.Temps ensoleillé et très chaud.Sur une Graminée.Colline calcaire', 2271, 1867, ''),
(3487, 4297, '1994-07-14', 'F', 2400, NULL, 2864, 1875, NULL),
(3488, 4298, '1970-07-10', 'M', 385, 'Aprèe-midi.Temps chaud et ensoleillé.Au vol,au-dessus d''un pré sur sol argilo-calcaire', 2865, 1867, ''),
(3489, 4298, '1974-07-28', 'M', 430, 'Matin (vers 10H30).Temps chaud et ensoleiilé.Au vol,au-dessus d''une pelouse près de buissons.Colline calcaire', 2301, 1867, ''),
(3490, 4298, '1977-07-01', 'F', 400, 'Après-midi.Temps chaud et ensoleillé.Sur un chemin d''un coteau calcaire', 2373, 1867, ''),
(3491, 4298, '1977-07-02', 'M', 430, 'Matin (11H).Temps chaud.Sur une Graminée.Colline calcaire', 2301, 1867, ''),
(3492, 4298, '1997-06-17', 'F', 370, 'Après-midi (18H).Temps plus ou moins couvert.Sur le sol d''une ancienne décharge comblée', 2869, 1867, ''),
(3493, 4303, '1973-07-02', 'M', 370, 'Soir (vers 21H).Au vol,au-dessus des pelouses', 2620, 1867, ''),
(3494, 4303, '1975-07-03', 'F', 400, 'Soir.Temps doux peu venteux.Au vol au-dessus des herbes et des arbustes (vers 20H30).Accouplements à terre et sur les arbustes', 2373, 1867, ''),
(3495, 4303, '1975-07-14', 'M', 430, 'Soi (vers 20H30).Temps doux devenant orageux.Au vol,autour du feuillage d''un Tilleul', 2301, 1867, '');

INSERT INTO `individus` (`id`, `espece_id`, `date`, `sexe`, `altitude`, `commentaire`, `site_id`, `recolteur_id`, `utm`) VALUES
(3496, 4303, '1977-06-28', 'M', 400, 'Soir (vers 21H30).Temps doux.Au vol,autour d''un Saule', 2373, 1867, ''),
(3497, 4307, '1981-07-30', 'F', 895, 'Volant autour d''un Pin', 2874, 1875, ''),
(3498, 4308, '1993-04-23', 'M', 420, 'Au vol', 2875, 1875, ''),
(3499, 4309, '1981-07-22', 'M', 10, 'Matin. Mort sous un lampadaire. Terrain de camping ("Le Pré Catalan")', 2881, 1867, ''),
(3500, 4310, '1971-07-18', 'M', NULL, 'Soir d''une belle journée.Aux lumières derrière les dunes', 2877, 1875, ''),
(3775, 4310, '2015-07-13', 'F', 3, 'Soir (vers 22H30). Posé sur le sol dans une rue.', 3055, 1876, ''),
(3774, 4312, '2015-07-13', 'F', 3, 'Soir (vers 22H30). Au vol sous un réverbère.', 3055, 1876, ''),
(3504, 4312, '1981-07-22', 'M', 10, 'Matin.A demi-mort sur le sol au pied d''un arbuste.Camping ( "Le Pré Catalan")', 2881, 1867, ''),
(3506, 4316, '1999-05-15', 'M', 235, 'Après-midi.Beau temps.Sur un petit Chêne-rouge d''Amérique.Chemin forestier', 2133, 1876, ''),
(3507, 4316, '2000-05-10', 'M', 235, 'Temps beau et chaud.Sur le feuillage de Chênes en lisière de forêt', 2133, 1867, ''),
(3508, 4318, '1971-04-20', 'M', 420, 'Après-midi.Sur le feuillage d''un Chêne en bordure de prairie', 2243, 1867, ''),
(3509, 4318, '1977-05-22', 'M', 400, 'Matin.Temps frais et couvert.Sur le feuillage d''un Chêne en lisière de forêt', 2301, 1867, ''),
(3511, 4318, '1998-05-06', 'F', 350, 'Après-midi.Temps plus ou moins couvert et doux.Sur le feuillage du Tilleul', 2117, 1867, ''),
(3512, 4318, '1998-05-09', 'M', 560, 'Après-midi.Beau temps chaud.Sur le feuillage d''un petit Hêtre.Lisière de forêt', 2246, 1867, ''),
(3513, 4318, '2001-05-20', 'M', 350, 'Soir (vers 23H).Temps doux,légèrement venteux.Sur le mur de la maison sous la lampe allumée', 2117, 1867, ''),
(3514, 3519, '1972-06-25', 'M', 415, 'Matin (vers 11H).Temps ensoleillé.Au vol dans un pré fleuri (en grand nombre).Pâturage occasionnel enclavé en forêt', 2243, 1867, ''),
(3515, 3519, '1981-06-24', 'M', 350, 'Vers 12H.Beau temps.Sur le feuillage d''un petit Noisetier', 2117, 1867, ''),
(3516, 3519, '1983-06-29', 'F', 350, 'Matin (vers 12H).Temps chaud plus ou moins couvert.Au vol,près d''un Noisetier', 2117, 1867, ''),
(3517, 3519, '1983-07-03', 'M', 350, 'Vers midi.Temps très chaud.En très grand nombre (en vol,sur des Graminées,sur des arbustes...)', 2302, 1867, ''),
(3518, 3519, '1993-06-05', 'F', 350, 'Matin (vers 12H).Beau temps.Sur des fleurs de Cornouiller sanguin.', 2117, 1867, ''),
(3519, 3520, '1993-05-08', 'M', 235, 'Après-midi.Beau temps chaud.Sur des fleurs d''Aubépine.Dans une ancienne coupe en forêt', 2133, 1876, ''),
(3520, 3520, '1994-05-07', 'M', 235, 'Beau temps chaud.Sur une Aubépine.Lisière de forêt', 2133, 1867, ''),
(3521, 3520, '1999-05-15', 'M', 235, 'Après-midi.Beau temps.Sur des fleurs d''Aubépine.Lisière de forêt', 2133, 1876, ''),
(3522, 3521, '1994-06-12', 'M', 570, 'Temps maussade.Sur des fleurs de Cornouiller sanguin.Lisière de forêt', 2134, 1867, ''),
(3523, 3521, '1997-05-26', 'M', 500, 'Beau temps chaud.Sur des fleurs de Cornouiller sanguin.Le long d''une route', 2272, 1867, ''),
(3524, 3521, '1998-05-30', 'M', 340, 'Beau temps chaud.Sur une fleur d''Eglantier.Bordure de route', 2399, 1867, ''),
(3525, 3521, '1999-05-23', 'M', 430, 'Beau temps chaud.Sur des Graminées en lisière de forêt.Colline calcaire', 2155, 1876, ''),
(3526, 3522, '1977-07-01', 'F', 0, NULL, 2903, 2778, NULL),
(3730, 4482, '2012-05-26', 'M', 385, 'Beau temps, chaud. Dans une crotte de Mouton. Parc sur pelouse sèche d''une colline calcaire (exposition Sud)', 3052, 1867, ''),
(3528, 3525, '1975-07-05', 'M', NULL, '', 2905, 2787, ''),
(3529, 3523, '1972-07-18', 'M', NULL, 'Accouplés sur des Graminées.Friches derrière les dunes', 2906, 1875, ''),
(3530, 3524, '2000-06-07', 'M', 212, 'Temps doux plus ou moins couvert.Sur des Graminées.Dans une petite clairière en forêt', 2116, 1867, ''),
(3731, 3444, '2012-08-18', 'M', 420, 'Fin de matinée. Beau temps très chaud. Dans la laine d''un morceau de peau de Mouton. Pelouse sèche sur colline calcaire.', 3052, 1876, ''),
(3532, 3526, '1981-07-27', 'F', 10, 'Matin.temps chaud plus ou moins venteux.Sur le feuillage d''un Osier.Sol sablonneux au bord de l''Agly', 2298, 1867, ''),
(3533, 3527, '1981-07-26', 'M', 10, 'Vers midi.Temps chaud plus ou moins venteux.Au vol et sur un Osier.Sol sablonneux au bord de l''Agly', 2298, 1867, ''),
(3534, 3528, '1971-06-06', 'M', 560, 'Matin.Temps chaud et ensoleillé.Sur feuillage d''arbustes (Noisetiers,Saules...)', 2139, 1867, ''),
(3535, 3528, '1972-06-22', 'M', 700, 'Matin.Temps chaud.Sur un arbuste.Chemin forestier', 2240, 1867, ''),
(3536, 3528, '1972-06-24', 'M', 420, 'Après-midi.Sur une fleur d''Eglantier.En bordure d''uu pâturage enclavé en forêt', 2243, 1867, ''),
(3537, 3528, '1987-07-04', 'F', 700, 'Matin.Temps chaud plus ou moins couvert.Sur feuilles d''Epilobe.Chemin forestier', 2240, 1867, ''),
(3538, 3528, '1997-05-24', 'M', 400, 'Temps doux plus ou moins couvert.Sur un petit Saule en lisière de forêt', 2865, 1867, ''),
(3539, 3529, '1982-07-03', 'F', 0, NULL, 2916, 1875, NULL),
(3540, 3531, '1981-07-30', 'F', 10, 'Soir (vers 23H).Temps doux,couvert et sans vent.Terrain de camping,sur le sol,dans une zône éclairée', 2881, 1867, ''),
(3541, 3530, '1981-07-15', 'F', 10, 'Soir.Dans l''herbe.Terrain de camping sur sol argilo-sableux', 2881, 1867, ''),
(3542, 3532, '1981-07-26', 'M', 5, 'Soir (entre 22H et 23H).Temps doux plus ou moins venteux.Sur le sol sablonneux', 2919, 1867, ''),
(3543, 3532, '1981-07-28', 'M', 5, 'Soir (vers 22H).Temps doux sans vent.Sur le sol sablonneux dans des zônes éclairées (volent ensuite aux lumières)', 2919, 1867, ''),
(3544, 3533, '1981-07-21', 'M', 10, 'Soir (vers 22H30).Temps doux.Sur le chemin caillouteux dans une zone éclairée.Terrain de camping', 2881, 1867, ''),
(3545, 3533, '1981-07-23', 'M', 10, 'Soir.Temps nuageux.Sur le sol herbeux,près d''une borne lumineuse.Terrain de camping', 2881, 1867, ''),
(3546, 3533, '1981-07-28', 'F', 10, 'Soir (vers 23H).Temps doux.Sur le sol dans une zone éclairée.Terrain de camping', 2881, 1867, ''),
(3547, 3533, '1981-07-31', 'M', 10, 'Soir (entre 22H et 23H).Temps doux,couvert et humide.Sur le sol dans une zone éclairée.Terrain de camping', 2881, 1867, ''),
(3548, 3534, '1986-06-15', 'M', 375, 'Après-midi (entre 15H et 16H).Temps chaud et ensoleillé.Sur le gazon à côté d''un jardin', 2925, 2779, ''),
(3549, 3534, '1987-07-06', 'F', 355, 'Soir(vers21H30).Temps orageux.Sur la route,dans le cône lumineux d''un lampadaire', 2926, 1876, ''),
(3550, 3534, '1988-08-10', 'M', 350, 'Matin.Agonisant sur le seuil du garage', 2117, 1867, ''),
(3551, 3534, '1988-08-15', 'M', 355, 'Soir d''une belle journée (vers 21H).Sur le chemin empierré conduisant à la maison', 2117, 1867, ''),
(3552, 4362, '1972-05-01', 'M', 270, 'Après-midi.Temps ensoleillé.Sur fleurs de Viorne lantane.Colline calcaire', 2271, 1867, ''),
(3553, 4362, '1974-03-26', 'M', 560, 'Après-midi.Temps doux et couvert.Dans un vieux tronc de Hêtre abandonné dans une clairière', 2139, 1867, ''),
(3554, 4362, '1989-05-17', 'M', 360, 'Après-midi.Beau temps chaud.Sous une bûche très cariée (accouplements observés).En lisière de forêt', 2121, 1867, ''),
(3555, 4362, '1994-06-28', 'M', 395, 'Après-midi.Temps très chaud.Au vol près de stères de Charmes et de Hêtres.Allée forestière', 2234, 1867, ''),
(3556, 4362, '1995-06-09', 'F', 560, 'Après-midi.Beau temps.Au vol.Ancienne coupe en lisière de forêt', 2246, 1867, ''),
(3557, 4367, '1972-08-07', 'M', 700, 'Après-midi.Temps chaud et ensoleillé.Sur une Berce spondyle.En bordure de route', 2135, 1867, ''),
(3558, 4367, '1975-06-25', 'M', 505, 'Après-midi.Temps orageux plus ou moins couvert.Sur des fleurs de Sureau (accouplements observés).Près d''un ruisseau passant sous une route forest!ère', 2139, 1867, ''),
(3559, 4367, '1975-06-27', 'M', 505, 'Matin (vers 11H).Temps chaud et ensoleillé.Sur fleurs de Sureau.Près d''un ruisseau passant sous une route forestière', 2139, 1867, ''),
(3560, 4367, '1982-07-09', 'F', 350, 'Après-midi.Temps très chaud.Sur fleurs de Spirée ulmaire.Chemin forestier', 2937, 1867, ''),
(3561, 4367, '1984-07-24', 'F', 350, 'Après-midi.Temps chaud et venteux.Sur fleurs de Spirée ulmaire.Chemin forestier', 2302, 1867, ''),
(3562, 4367, '1984-07-24', 'M', 360, 'Après-midi.temps chaud.Sur Berce spondyle.En bordure d''un petit bois', 2232, 1867, ''),
(3563, 4367, '1987-07-14', 'M', 800, 'Après-midi.Temps beau et chaud.Sur des fleurs de Sureau.Chemin forestier', 2201, 1867, ''),
(3564, 4374, '1987-08-12', 'M', NULL, 'Dans piège posé entre le 15/07/1987 et le 12/08/1987', 2941, 2779, ''),
(3565, 4375, '1970-07-12', 'M', 560, 'Après-midi.Sur fleurs de Ronce.Clairière', 2139, 1867, ''),
(3566, 4375, '1984-08-16', 'M', 360, 'Après-midi.Temps lourd et orageux.Sur Berce spondyle.Allée forestière', 2232, 1867, ''),
(3567, 4375, '1991-07-02', 'F', 360, 'Après-midi.Temps beau et chaud.Sur une fleur de Ronce.Lisière de forêt', 2121, 1867, ''),
(3568, 4375, '1992-05-29', 'M', 350, 'Après-midi.Temps frais.Dans le coeur d''une Rose', 2117, 1867, ''),
(3569, 4379, '1974-06-12', 'M', 420, 'Après-midi (vers 16H).Temps chaud et couvert (après une averse).Sur fleurs de Scabieuse.Talus dans une ancienne carrière de calcaire', 2473, 1867, ''),
(3570, 4379, '1977-07-01', 'M', 400, 'Après-midi.Temps chaud et ensoleillé.Sur les fleurs d''un Sureau yèble.Colline calcaire', 2373, 1867, ''),
(3571, 4379, '1992-06-07', 'F', 350, 'Après-midi.Temps chaud.Sur les fleurs du Cornouiller sanguin ( près de la route)', 2117, 1867, ''),
(3572, 4379, '1994-06-18', 'M', 370, 'Beau temps très chaud.Sur des fleurs de Troène.Lisière d''un bosquet', 2367, 1867, ''),
(3573, 4383, '1988-06-24', 'F', 300, 'Après-midi.Temps chaud.Sur une fleur de Ronce.Sentier dans une partie boisée.Colline calcaire', 2344, 1867, ''),
(3574, 4383, '1988-07-11', 'M', 235, 'Temps très chaud plus ou moins venteux.Sur une Ombellifère blanche.Bordure d''allée forestière', 2951, 1867, ''),
(3575, 4383, '1996-07-14', 'M', 300, 'Après-midi.Beau temps très chaud.Sur des fleurs de Carotte sauvage.Lisière de bois (côté vignes)', 2344, 1867, ''),
(3576, 3535, '1994-04-23', 'M', 238, 'Beau temps.Sur des fleurs de Pissenlit.Chemin forestier longeant une ancienne coupe', 2133, 1867, ''),
(3577, 3535, '1994-05-11', 'F', 250, 'Après-midi.Beau temps.Au vol dans un champ.Lisière de forêt', 2954, 1867, ''),
(3578, 3535, '1999-05-01', 'F', 212, 'Après-midi.Temps chaud plus ou moins orageux.Sur des fleurs de Pissenlit.Bordure d''un chemin', 2116, 1867, ''),
(3579, 3536, '1993-05-09', 'M', 350, 'Après-midi.Beau temps chaud.Sur les fleurs de Lilas blanc.Près de la maison', 2117, 1867, ''),
(3580, 3536, '1993-05-15', 'F', 350, 'Temps plus ou moins nuageux.Sur fleur d''Aubépine', 2117, 1867, ''),
(3581, 3536, '1994-06-18', 'M', 370, 'Beau temps très chaud.Sur une Ombellifère blanche.Bordure de bosquet', 2367, 1867, ''),
(3582, 3536, '1994-06-10', 'F', 430, 'Temps maussade et pluvieux.Sur fleurs de Cornouiller sanguin.Colline calcaire', 2301, 1867, ''),
(3583, 3536, '1994-05-01', 'F', 350, 'Après-midi.Beau temps chaud.Sur des fleurs de Rhubarbe.Jardin', 2117, 1867, ''),
(3584, 3536, '1995-05-24', 'M', 390, 'Après-midi.Temps orageux.Sur fleurs de Scabieuse.Pré fleuri', 2287, 1867, ''),
(3585, 3536, '1997-05-26', 'F', 550, 'Beau temps chaud.Sur une Ombellifère blanche.Bordure d''un pré à proximité de la forêt', 2246, 1867, ''),
(3586, 3538, '1974-07-27', 'F', NULL, '', 2963, 2787, ''),
(3587, 3537, '1972-06-14', 'M', 560, 'Après-midi.Temps chaud et ensoleillé.Sur les fleurs de Cornouiller sanguin.Petite clairière', 2139, 1867, ''),
(3588, 3537, '1975-05-17', 'F', 420, 'Matin.temps chaud et ensoleillé.Sur les fleurs de Cornouiller sanguin.Ancienne carrière de calcaire', 2473, 1867, ''),
(3589, 3537, '1980-08-20', 'M', 10, 'Matin.Temps chaud et ensoleillé.Sur une grande Ombellifère banche.Dans une ancienne vigne enclavée dans une forêt de Pins (surtout) sur sol sablonneux', 2966, 1867, ''),
(3590, 3537, '1992-06-07', 'F', 350, 'Après-midi.Temps chaud.Sur les fleurs de Cornouiller sanguin (près de la route)', 2117, 1867, ''),
(3591, 3537, '1992-06-12', 'M', 430, 'Après-midi.Temps plus ou moins couvert.Sur une fleur de Ronce.Dans une ancienne coupe', 2233, 1867, ''),
(3592, 3537, '1993-04-28', 'F', 250, 'Après-midi.Beau temps chaud.Sur les fleurs de Viorne lantane.En forêt', 2625, 1867, ''),
(3593, 3537, '1993-05-09', 'M', 350, 'Après-midi.Beau temps chaud.Sur les fleurs de Lilas blanc.', 2117, 1867, ''),
(3594, 3537, '1996-07-27', 'M', 280, 'Après-midi.Temps lourd.Sur fleur de Ronce.Pré bordé de forêts', 2971, 1867, ''),
(3728, 4312, '2011-07-17', 'M', 5, 'Mort sur un trottoir.', 3055, 2785, ''),
(3596, 3539, '1997-06-11', 'F', 238, 'Dans des pièges à bière posés sur des Chênes du 07/06/1997 au 11/06/1997.En forêt et en bordure d''une ancienne coupe', 2133, 1867, ''),
(3597, 3539, '2000-06-07', 'M', 212, 'Pièges à bière posés sur des Chênes du 01/06/2000 au 07/06/2000.En forêt', 2116, 1867, ''),
(3598, 3539, '2002-08-21', 'F', 212, 'Piège à sangria posé sur un Chêne du 15/08/2002 au 21/08/2002.Bordure de coupe', 2116, 1867, ''),
(3599, 3540, '1989-08-28', 'M', 360, 'Dans pièges à bière posés sur des arbres dans un parc', 2976, 1875, ''),
(3600, 3540, '1997-07-17', 'M', 238, 'Dans un piège à bière posé sur un Chêne du 09/07/1997 au 17/07/1997.En forêt et en bordure d''une ancienne coupe', 2133, 1867, ''),
(3601, 3541, '2000-08-14', 'F', 200, 'Dans un piège à bière posé sur un petit Chêne-liège mort sur pied', 2658, 1867, ''),
(3602, 3542, '2000-08-14', 'F', 200, 'Dans un piège à bière posé sur un petit Chêne-liège mort sur pied', 2658, 1867, ''),
(3603, 3543, '1975-06-08', 'M', 430, 'Matin.Temps chaud,ensoleillé et venteux.Se posant sur les fleurs d''un Cornouiller sanguin.En bordure d''une haie', 2301, 1867, ''),
(3604, 3543, '1986-05-18', 'F', 400, 'Après-midi.Temps chaud et plus ou moins couvert.Sur les fleurs d''une Viorne lantane', 2559, 1867, ''),
(3605, 3543, '1987-08-13', 'M', 1000, 'Beau temps et chaud.Se posant sur le sol dans une coupe d''Epicéas', 2201, 1867, ''),
(3606, 3543, '1991-07-23', 'F', 350, 'Vers 12H.Temps beau et très chaud.Sur les fleurs de Spirée ulmaire', 2117, 1867, ''),
(3607, 3543, '1993-07-03', 'M', 350, 'Vers 12H.Temps chaud et ensoleiilé.Sur les fleurs de Spirée ulmaire', 2117, 1867, ''),
(3608, 3543, '1993-07-09', 'M', 350, 'Après-midi.Temps chaud et ensoleillé.Sur les fleurs de Spirée ulmaire.', 2117, 1867, ''),
(3609, 3543, '1994-05-22', 'F', 270, 'Beau temps chaud.Sur une fleur d''Eglantier.Colline cacaire', 2271, 1867, ''),
(3610, 3543, '2000-06-07', 'M', 212, 'Dans un piège à bière posé sur un Chêne du 01/06/2000 au 07/06/2000.En forêt', 2116, 1867, ''),
(3611, 3544, '1995-07-19', 'F', 1700, 'Après-midi.Beau temps chaud.Sur une Ombellifère blanche.Alpage', 2250, 1867, ''),
(3612, 3544, '1998-07-20', 'F', 1400, 'Beau temps chaud.En train de manger le capitule d''un Chardon après avoir rongé les bractées.Lisière d''une zône boisée', 2250, 1867, ''),
(3613, 3544, '1989-08-22', 'M', 1500, 'Après-midi.Temps chaud.Sur les fleurs d''un grand Chardon', 2249, 1867, ''),
(3733, 3502, '2012-08-18', 'F', 375, '', 3052, 1867, ''),
(3615, 3545, '2000-08-13', 'F', 5, 'Temps chaud,plus ou mois couvert et plus ou moins venteux.Au vol dans une rue', 2992, 1876, ''),
(3616, 3546, '1992-08-26', 'M', 360, 'Dans un piège à bière posé sur de vieux Cerisiers', 2993, 1875, ''),
(3617, 3546, '1999-05-15', 'F', 235, 'Après-midi.beau temps.Sur les fleurs d''Aubépine.En lisière de forêt', 2133, 1876, ''),
(3618, 3546, '2000-06-07', 'M', 212, 'Dans un piège à bière posé sur un Chêne du 01/06/2000 au 07/06/2000.En forêt', 2116, 1867, ''),
(3619, 3546, '2000-08-11', 'F', 415, 'Dans un piège à bière posé sur un Chêne-liège du 07/08/2000 au 11/08/2000', 2651, 1867, ''),
(3620, 3547, '1981-07-19', 'F', NULL, 'Après-midi.Temps plus ou moins ensoleillé,frais et venteux.Posé sur le sol d''une colline avec quelques arbustes', 2997, 1867, ''),
(3621, 3548, '1993-04-29', 'M', 300, 'Après-midi.Beau temps chaud.Sur les fleurs d''une Aubépine.Colline calcaire', 2271, 1876, ''),
(3622, 3548, '1996-06-05', 'M', 300, 'Après-midi.Beau temps chaud.Sur les fleurs d''un Cornouiller sanguin.Colline calcaire', 2271, 1867, ''),
(3623, 3548, '1997-06-04', 'F', 235, 'Dans un piège à bananes posé sur un Chêne du 24/05/1997 au 04/06/1997.En lisière de forêt', 2133, 1867, ''),
(3624, 3548, '1999-05-25', 'M', 220, 'Après-midi.Beau temps chaud.Au vol en lisière de forêt le long d''un petit canal', 2512, 1867, ''),
(3625, 3548, '2001-06-29', 'M', 212, 'Dans un piège à bière posé sur un Chêne du 16/06/2001 au 29/06/2001.Forêt dépérissante', 2116, 1867, ''),
(3626, 4436, '1999-05-01', 'F', 212, 'Après-midi.Temps doux plus ou moins orageux Sur Ortie le long d''un chemin forestier', 2116, 1867, ''),
(3627, 3895, '1996-07-24', 'M', 280, 'Matin.Temps plus ou moins couvert.Sur une fleur de Ronce.En lisière de forêt (feuillus et quelques Pins)', 3004, 1867, ''),
(3628, 3408, '1985-05-26', 'F', 360, 'Après-midi.Beau temps chaud.Sur un vieux Pommier en plein champ', 2121, 1867, ''),
(3629, 3437, '2004-08-02', 'M', 1070, 'Beau temps chaud.Sous l''écorce d''un Hêtre mort sur pied', 3006, 1867, ''),
(3630, 3737, '2004-07-22', 'F', 1070, 'Après-midi.Beau temps chaud.Sur fleurs de Knautia.Petite clairière', 3006, 1867, ''),
(3631, 3705, '2004-07-22', 'F', 1070, 'Après-midi.Beau temps chaud.Sur une feuille de Knautia.Chemin en zône boisée', 3006, 1876, ''),
(3632, 4442, '2004-09-01', 'F', 1150, 'Beau temps doux. Sous la mousse d''un tronc à terre', 2161, 1867, ''),
(3633, 4442, '2004-09-01', 'M', 1150, 'Beau temps doux. Dans une branche cariée à terre', 2161, 1876, ''),
(3634, 3385, '2004-09-01', 'F', 1150, 'Beau temps,doux. Dans une vieille souche. Forêt mélangée (surtout Cônifères)', 2161, 1867, ''),
(3635, 3594, '2004-09-01', 'F', 1150, 'Beau temps doux. Sous la mousse d''un vieux tronc à terre', 2161, 1876, ''),
(3636, 3385, '2004-10-05', 'M', 360, 'Dans une branche décomposée et moussue d''Epicéa tombée à terre. Bosquet (Feuillus et Epicéas)', 3013, 1867, ''),
(3637, 4436, '2004-11-03', 'M', 375, 'Après-midi.Temps doux Dans une butte de terre moussue au bord d''un chemin Forêt de feuillus (Chênes,Hêtres...) ', 2329, 1867, ''),
(3638, 4448, '2005-08-01', 'M', 450, 'Beau temps doux. En loge sous écorce moussue de bûches et de troncs à terre (assez humides). Bois de feuillus sur sol calcaire', 3015, 1867, ''),
(3640, 4450, '2005-06-04', 'M', 264, 'Mort dans un entonnoir de larve de Fourmilion creusé dans le sable de la berge,bordée de Saules, de la Durance', 3017, 1875, ''),
(3641, 4451, '2004-10-10', 'F', 850, 'Dans tronc de Hêtre couvert de mousse et se décomposant sur le sol. Bosquet de Hêtres et d''Epicéas', 3018, 1875, ''),
(3642, 3573, '2004-10-01', 'F', 540, 'Plantation de résineux (Epiceas et Pins). Dans souche en décomposition.', 3019, 1875, ''),
(3643, 4453, '2004-04-22', 'F', 330, NULL, 3020, 1875, NULL),
(3644, 4453, '1986-04-04', 'F', 270, NULL, 3021, 1875, NULL),
(3647, 4303, '2005-06-30', 'F', 440, 'Soir.Temps doux et pluvieux.Aux lumières', 3024, 1876, ''),
(3648, NULL, '2005-08-15', 'M', 1060, 'Dans souche moussue en forêt de feuillus', 3025, 1875, ''),
(3649, 4485, '1991-11-02', 'F', 740, 'Dans un crottin de Cheval.Plaine en lisière de bois', 3026, 2788, ''),
(3650, 4460, '1991-11-01', 'F', 740, 'Dans un crottin de Cheval.Prairie', 3026, 2788, ''),
(3651, 4461, '1999-02-07', 'M', 0, '', 3028, 2788, ''),
(3652, 4461, '1999-02-07', 'F', 0, '', 3028, 2788, ''),
(3653, NULL, '2000-08-10', 'M', 20, '', NULL, 1876, ''),
(3654, NULL, '2000-08-10', 'M', 20, '', NULL, 1876, ''),
(3655, NULL, '2000-08-10', 'M', 20, '', NULL, 1876, ''),
(3656, 3624, '2000-08-10', 'M', 20, 'Après-midi.Beau temps chaud.Sous une petiite roche au pied d''un Pin isolé.Bordure de vignes', 2306, 1876, ''),
(3658, 3549, '2001-06-29', 'M', 212, 'Après-midi.Beau temps chaud. Grimpant le long du tronc de petits Chênes en bordure d''un chemin  forestier', 2116, 1867, ''),
(3659, 3553, '1987-04-03', 'M', 650, 'Après-midi.Temps couvert,doux. Dans l''aubier d''un vieux tronc couché moussu. En forêt (Bordure du Rahin)', 2135, 1867, ''),
(3660, 3553, '1987-04-10', 'M', 350, 'Après-midi.Temps doux, couvert. Sous l''écorce moussue de vielle souche et d''un vieux tronc renversé.', 2121, 1867, ''),
(3661, 3553, '1997-11-11', 'M', 460, 'En loge avec une femelle dans un vieux tronc de Bouleau à terre. Bosquet en lisière de pré humide', 2122, 1867, ''),
(3662, 3550, '1976-05-26', 'F', 350, 'Après-midi.Temps doux plus ou moins couvert. Dans le pré', 2117, 1867, ''),
(3663, 3550, '1977-05-24', 'M', 350, 'Après-midi.Beau temps chaud. Dans le pré', 2117, 1867, ''),
(3664, 3550, '1997-06-18', 'F', 420, 'Après-midi.Temps variable, doux. Traversant la route à la sortie du village', 2119, 1867, ''),
(3665, 3558, '1996-10-26', 'F', 390, 'Dans tronc à terre. En forêt (Hêtres...)', 2125, 1876, ''),
(3666, 3558, '1997-03-26', 'F', 450, 'Après-midi.Beau temps mais frais. Dans vielle bûche cariée. En forêt de Hêtres... sur sol siliceux', 2126, 1867, ''),
(3667, 3558, '1997-09-14', 'M', 390, 'Dans vielle souche déracinée. Hêtraie.', 2125, 1867, ''),
(3668, 3558, '1997-10-22', 'M', 300, 'Dans la terre du pied d''un arbre couché. Forêt de feuillus', 2128, 1867, ''),
(3669, 3557, '1972-07-08', 'M', 2300, 'Sous une pierre', 2124, 1875, ''),
(3670, 3556, '1980-02-10', 'M', NULL, '', 2123, 2779, ''),
(3671, 3562, '1978-06-03', 'F', 350, 'Après-midi.Temps chaud. Sous une pierre dans le pré', 2117, 1867, ''),
(3672, 3562, '1987-06-28', 'M', 350, 'Soir chaud (21H30). Sur les pavés vers la maison', 2117, 1867, ''),
(3673, 3562, '1998-05-23', 'F', 350, 'Après-midi.Beau temps. Sous une bûche de Pin. Coupe dans forêt mélangée au pied d''une falaise calcaire', 2131, 1867, ''),
(3674, 3562, '1999-05-24', 'F', 350, 'Après-midi.Beau temps chaud. Sur chemin caillouteux en forêt', 2132, 1876, ''),
(3675, 3562, '1999-08-14', 'M', 235, 'Après-midi.Temps doux plus ou moins couvert. Sur un chemin en forêt', 2133, 1867, ''),
(3676, 3562, '2000-05-08', 'F', 570, 'Trouvé mort le long d''un chemin. Colline boisée calcaire', 2134, 1867, ''),
(3677, 3568, '1987-04-03', 'M', 650, 'Après-midi.Temps couvert,doux. Sous la mousse d''une vielle souche de résineux. En forêt (Bordure du Rahin)', 2135, 1867, ''),
(3678, 4464, '1970-08-02', 'M', 0, 'Matin chaud,ensoleillé. Tapis à l''ombre de touffes d'' Echinophora spinosa', 2906, 1875, ''),
(3679, 3469, '1997-10-22', 'M', 300, 'Après-midi.Temps doux et brumeux.Dans laissées de Cerf.Parc animalier en forêt', 2128, 1867, ''),
(3681, 4465, '1978-06-04', 'M', NULL, '', 3032, 2787, ''),
(3704, 4475, '2008-04-18', 'F', 557, 'Sur Asphodèle', 3044, 1875, ''),
(3705, 3436, '2008-05-07', 'M', 300, 'Sur pelouse calcaire', 3045, 1875, ''),
(3718, 3873, '2009-06-10', 'F', 400, 'Après-midi. Temps doux, plus ou moins nuageux. Sur grume de Chêne, dans une coupe.', 3048, 1876, ''),
(3682, 3436, '2004-04-20', 'M', 380, '', 3022, 1875, ''),
(3683, 3436, '2004-04-21', 'M', 380, '', 3023, 1875, ''),
(3684, 4448, '2005-08-01', 'F', 450, '', 3015, 1867, ''),
(3685, 3488, '2008-08-26', 'M', 1130, 'Après-midi.Beau temps chaud. Dans une petite bouse de Vache peu fraîche, en lisière de forêt. Pâturage d''été. Var.noire rupicola Muls.', 2141, 1876, ''),
(3686, 4469, '2007-02-22', 'F', 700, '', 3036, 2790, ''),
(3687, 4471, '2006-06-02', 'M', 350, 'Sur Molène flocosum', 3038, 1875, ''),
(3688, 4471, '2006-06-02', 'F', 350, 'Sur Molène flocosum', 3038, 1875, ''),
(3689, 4470, '2005-05-28', 'M', 770, 'Sur un vieux Tilleul (battage de branches malades) Chemin menant au château', 3037, 1875, ''),
(3690, 3519, '2008-08-06', 'M', 1150, 'Après-midi. Beau temps, chaud. Au vol, au-dessus des chaumes.', 3035, 1867, ''),
(3691, 4472, '2006-06-23', 'M', 420, 'Au vol.', 3039, 1875, ''),
(3692, 4476, '2005-06-05', 'M', 467, 'Sur Tanacetum corymbosum en forêt de Chênes.', 3043, 1875, ''),
(3693, 3819, '2006-06-10', 'M', 364, 'Dans un piège (melons) sur un Chêne plus ou moins malade.', 3042, 1875, ''),
(3706, 4474, '2008-05-07', 'M', 300, 'Dans son terrier sous crottins de Mouton', 3045, 1875, ''),
(3734, 4486, '2012-07-10', 'M', 777, 'Vieux Platanes aux troncs creux et ouverts. Dans les débris de bois décomposé.', 3056, 1875, ''),
(3708, 4374, '2008-06-25', 'F', 240, 'Dans piège à fruits posé sur un Chêne du 23 au 25/06/2008.', 3040, 1875, ''),
(3709, 4473, '2008-06-25', 'M', 211, 'Dans un piège à fruits posé sur un Chêne du 23 au 25/06/2008.', 3041, 1875, ''),
(3710, 4473, '2008-06-25', 'F', 211, 'Dans un piège à fruits posé sur un Chêne du 23 au 25/06/2008.', 3041, 1875, ''),
(3711, 4477, '2008-09-23', 'M', 390, 'Dans une bouse de Vache.', 3047, 1875, ''),
(3712, 4478, '2009-05-27', 'M', 360, 'Après-midi.Beau temps, doux. Sur tas de branches (Chêne et Charme) en forêt.', 2498, 1867, ''),
(3713, 4478, '2009-05-27', 'F', 360, 'Après-midi. Beau temps, doux. Sur tas de branches (Chêne et Charme) en forêt.', 2498, 1867, ''),
(3714, 4478, '2009-06-10', 'F', 400, 'Après-midi. Temps doux, plus ou moins nuageux. Sur tas de branches dans une coupe en forêt.', 3048, 1876, ''),
(3715, 3413, '2009-06-12', 'F', 360, 'Après-midi. Temps couvert, doux. Sur branchettes mortes de Chêne, à terre. Lisière de forêt.', 2412, 1867, ''),
(3716, 3801, '2009-05-22', 'M', 440, 'Après-midi.Temps doux, plus ou moins couvert. Sur une branche morte de Pin sylvestre à terre.En forêt.', 2139, 1867, ''),
(3717, 3390, '2009-06-03', 'M', 383, 'Après-midi. Temps chaud, plus ou moins nuageux. Sur tas de branches de Chêne (battage). Lisière de bosquet.', 3049, 1876, ''),
(3719, 4468, '2009-06-14', 'M', 1594, '', 3050, 1875, ''),
(3720, 4480, '2009-07-02', 'F', 2775, 'Sur Potentille', 3051, 1875, ''),
(3721, 3419, '2006-06-10', 'M', 364, 'Sous les feuilles d''un Orme.', 3042, 1875, ''),
(3722, 4480, '2009-07-02', 'M', 2775, 'Sur Potentille.', 3051, 1875, ''),
(3723, 4481, '2010-06-03', 'M', 364, 'Piège à fruits (melon) du 03/06/2010 au 16/06/2010.', 3042, 1875, ''),
(3724, 3447, '2009-07-20', 'F', 1070, 'Temps assez frais, nuageux. Sur un chemin forestier.', 3006, 1867, ''),
(3725, 4482, '2012-05-26', 'F', 385, 'Vers 12H. Beau temps, chaud et venteux. Dans crotte de Mouton (4 exemplaires) Pelouse sèche sur colline calcaire. Exposition Sud.', 3052, 1867, ''),
(3726, 4303, '2011-06-25', 'M', 305, 'Vers 22H. Temps doux. Au vol sur un chemin longeant un pâturage.', 3053, 1867, ''),
(3727, 4308, '2011-04-26', 'M', 950, 'Après-midi. Au vol.', 3054, 1875, ''),
(3735, 4487, '2012-11-01', 'M', NULL, 'Dans fumées de Cerf.', 3057, 2786, ''),
(3736, 4486, '2012-07-10', 'F', 777, '', 3056, 1875, ''),
(3737, 4488, '2012-09-11', 'M', 330, 'En loge nymphale sous l''écorce d''un Cyprès abattu (imaginose pratiquement achevée)', 3058, 1875, ''),
(3738, 4488, '2012-09-11', 'F', 33, '', 3058, 1875, ''),
(3739, 3493, '2013-04-17', 'M', 370, 'Beau temps, chaud. Dans un crottin de Cheval sur un chemin forestier (sol calcaire)', 3059, 1867, ''),
(3740, 4489, '2012-06-29', 'F', 882, 'Aux lumières.', 3060, 1875, ''),
(3741, 4489, '2012-07-11', 'M', 882, 'Aux lumières.', 3060, 1875, ''),
(3742, 4490, '2012-07-09', 'M', 1800, 'Dans crotte fraîche de Mouton.', 3061, 1875, ''),
(3743, 3466, '2013-05-07', 'F', 350, 'Temps doux, plus ou moins couvert. Dans un crottin de Cheval. Pâturage sur colline calcaire.', 3064, 1867, ''),
(3744, 3492, '2013-05-07', 'F', 350, 'var.fabricii.  Temps doux, plus ou moins couvert. Dans un crottin de Cheval. Pâturage sur colline calcaire.', 3064, 1876, ''),
(3745, 3479, '2013-05-07', 'F', 380, 'Temps doux, plus ou moins couvert. Dans une crotte de Mouton. Parc sur une colline calcaire.', 3065, 1867, ''),
(3746, 4484, '2013-05-07', 'M', 380, 'Temps doux, plus ou moins couvert. Dans une crotte de Mouton. Parc sur une colline calcaire.', 3065, 1867, ''),
(3747, 4484, '2013-05-07', 'F', 380, 'Temps doux, plus ou moins couvert. Dans une crotte de Mouton. Parc sur une colline calcaire.', 3065, 1867, ''),
(3748, 3468, '2013-05-14', 'M', 420, 'Temps doux, plus ou moins couvert. Dans un crottin de Cheval. Pâturage enclavé en forêt, sur sol d''origine métamorphique.', 2243, 1867, ''),
(3749, 3464, '2013-05-14', 'F', 420, 'var.gagates Temps doux, plus ou moins couvert. Dans un crottin de Cheval. Pâturage enclavé en forêt, sur sol d''origine métamorphique.', 2243, 1867, ''),
(3750, 3466, '2013-05-14', 'F', 420, 'Temps doux, plus ou moins couvert. Dans un crottin de Cheval. Pâturage enclavé en forêt, sur sol d''origine métamorphique.', 2243, 1867, ''),
(3751, 3466, '2013-05-14', 'M', 420, 'Temps doux, plus ou moins couvert. Dans un crottin de Cheval. Pâturage enclavé en forêt, sur sol d''origine métamorphique.', 2243, 1867, ''),
(3753, 3453, '2012-05-26', 'F', 385, 'Beau temps, chaud. Dans une crotte de Mouton. Parc sur pelouse sèche d''une colline calcaire.', 3052, 1867, ''),
(3754, 3535, '2013-05-07', 'F', 315, 'Vers midi. Temps doux, plus ou moins couvert. Sur inflorescence de Viorne lantane. Lisière de bois en bordure de route (D66)', 3063, 1867, ''),
(3755, 4021, '2013-05-07', 'M', 300, 'Vers midi. Temps doux, plus ou moins couvert. Sous une feuille de Viorne lantane, en lisière de forêt.', 3062, 1876, ''),
(3756, 4436, '2013-06-04', 'F', 650, 'Après-midi. Temps doux, plus ou moins ensoleillé et plus ou moins venteux. Dans l''herbe sur la pelouse sommitale.', 2139, 1867, ''),
(3757, 3546, '2012-08-23', 'M', 404, 'Piège à vin dans un Chêne, posé le 14/08/2012 et relevé le 23/08/2012. Futaie claire (ancienne coupe)', 3066, 1867, ''),
(3758, 3590, '2013-07-16', 'F', 360, 'Dans un piège à vin posé contre le tronc d''un Chêne à environ 2m du sol (un couple)', 3067, 1867, ''),
(3759, 4491, '2013-09-03', 'M', 1859, 'A la surface de l"eau du lac. Présence de pâturages avec Vaches et Moutons.', 3068, 1875, ''),
(3762, 3432, '2014-06-27', 'F', 350, 'Vers 13H. Beau temps. Se posant sur une Symphorine (Chèvrefeuille de Caroline) dans une haie décorative.', 2117, 1867, ''),
(3763, 3502, '2014-09-05', 'M', 415, 'Après-midi. Beau temps, chaud. Dans un crottin de Cheval. Pâturage sur pelouse sèche.', 3070, 1876, ''),
(3764, 4493, '2014-09-10', 'M', 205, 'Sur une crotte de Canidé.', 3071, 2790, ''),
(3765, 4494, '2014-06-10', 'M', 620, 'Dans une bouse de Vache.', 3072, 1875, ''),
(3766, 4494, '2014-06-10', 'F', 620, 'Dans une bouse de Vache.', 3072, 1875, ''),
(3767, 4303, '2015-06-30', 'M', 350, 'Soirée très douce (23°C) vers 22H (HL). Au vol.', 2117, 1876, ''),
(3768, 3418, '2015-07-01', 'F', 350, 'A la nuit tombée vers 23H (HL) et par une température de 24°C. Sur la façade de la maison sous une lampe allumée.', 2117, 1867, ''),
(3769, 3447, '2015-07-31', 'F', 103, 'Après-midi. Temps doux et ensoleillé. Dans un crottin de Cheval sur un sentier. En forêt', 3073, 1876, ''),
(3770, 3504, '2015-07-21', 'M', 3, 'Après-midi. Dans une bouse de Vache. Pâture.', 3074, 1876, ''),
(3771, 3452, '2015-07-21', 'M', 3, 'Après-midi. Dans une bouse de Vache. Pâture', 3074, 1876, ''),
(3772, 3489, '2015-07-15', 'F', 3, 'Après-midi. Dans une bouse de Vache. Pâturage.', 3074, 1876, ''),
(3773, 4310, '2015-07-13', 'M', 3, 'Soir (vers 22H30). Au vol sous un réverbère.', 3055, 1876, ''),
(3776, 3449, '2015-08-28', 'M', 420, 'Après-midi. Beau temps, chaud. Dans un court terrier sous un crottin assez frais de Cheval. Pâture enclavée en forêt sur sol d''origine métamorphique.', 2243, 1867, ''),
(3777, 3449, '2015-09-03', 'F', 420, 'Après-midi. Temps variable sec et doux. Dans un court terrier sous un crottin de Cheval. Pâture enclavée en forêt sur sol d''origine métamorphique.', 2243, 1876, ''),
(3778, 3504, '2015-09-03', 'M', 420, 'Après-midi. Temps variable, sec et doux. Dans un crottin de Cheval. Pâture enclavée en forêt sur sol d''origine métamorphique.', 2243, 1876, ''),
(3779, 3504, '2015-09-03', 'F', 420, 'Après-midi. Temps variable, sec et doux. Dans un crottin de Cheval. Pâture enclavée en forêt sur sol d''origine métamorphique.', 2243, 1876, ''),
(3780, 3449, '2015-08-28', 'M', 415, 'Après-midi. Temps beau et chaud. Sous un crottin de Cheval. Pâture enclavée en forêt sur sol d''origine métamorphique.', 2243, 1867, ''),
(3781, 3504, '2015-08-28', 'M', 415, 'Après-midi. Beau temps, chaud. Dans un crottin de Cheval. Pâture enclavée en forêt sur sol d''origine métamorphique.', 2243, 1867, ''),
(3782, 3475, '2015-10-05', 'M', 430, 'Après-midi. Temps couvert, doux. Dans un crottin de Cheval. Pâture enclavée en forêt sur sol d''origine métamorphique.', 2243, 1867, ''),
(3783, 4495, '2015-06-01', 'M', 80, 'Sur Fetuque', 3075, 1875, ''),
(3784, 4496, '2015-05-30', 'F', 1711, 'A proximité d''une bouse de Vache.', 3076, 1875, ''),
(3785, 3549, '2009-06-23', 'F', 212, 'Après-midi. Sur un chemin forestier.', 2116, 1867, ''),
(3786, 4497, '2015-09-21', 'M', 50, 'Dans un piège à bière enterré en bordure de la Têt. Mis en place le 26/08/2015 et relevé le 21/09/2015.', 3077, 1875, '');

-- --------------------------------------------------------

--
-- Table structure for table `recolteurs`
--

CREATE TABLE `recolteurs` (
  `id` integer primary key,
  `nom` text
);

--
-- Dumping data for table `recolteurs`
--

INSERT INTO `recolteurs` (`id`, `nom`) VALUES
(1867, 'C.VERPILLOT'),
(1875, 'A.ARTERO'),
(1876, 'P.VERPILLOT'),
(2789, 'G.COLLOMB'),
(2787, 'A.PAULIAN'),
(2788, 'J.C. BOURDONNE'),
(2785, 'Cat. VERPILLOT'),
(2786, 'B.TOURY'),
(2790, 'J.DESCOURBEY');

-- --------------------------------------------------------

--
-- Table structure for table `sites`
--

CREATE TABLE `sites` (
  `id` integer primary key AUTOINCREMENT,
  `nom` varchar(50)  DEFAULT NULL,
  `commune` varchar(50)  DEFAULT NULL,
  `code` varchar(2)  DEFAULT NULL
) ;

--
-- Dumping data for table `sites`
--

INSERT INTO `sites` (`id`, `nom`, `commune`, `code`) VALUES
(2116, 'Forêt de Rothleible', 'Hirtzfelden', '68'),
(2117, 'Village (propriété)', 'Cunelières', '90'),
(2119, 'Village (route)', 'La Chapelle-sous-Chaux', '90'),
(2121, 'Bois des Boules', 'Cunelières', '90'),
(2122, 'Bois', 'Grosmagny', '90'),
(2123, NULL, 'Les Tourradoux', '30'),
(2124, 'Pic de Nère', NULL, '65'),
(2125, 'Bois de Fulleren', 'Fulleren', '68'),
(2126, 'Forêt du Chérimont', 'Clairegoutte', '70'),
(2128, 'Forêt de Chailluz', 'Besançon', '25'),
(2131, 'Champvermol', 'Mandeure', '25'),
(2132, 'Hinterwald', 'Illfurth', '68'),
(2133, 'Forêt de la Harth', 'Habsheim', '68'),
(2134, 'Le Grammont', 'Montbouton', '90'),
(2135, 'Forêt de St-Antoine', 'Plancher-les-Mines', '70'),
(2138, 'Le Haut Taillis', 'Pérouse', '90'),
(2139, 'Massif du Salbert', 'Belfort', '90'),
(2140, 'Col de la Bassine', 'Lacaune', '81'),
(2141, 'Ballon d''Alsace', 'Lepuix-Gy', '90'),
(2142, NULL, 'St-Véran', '05'),
(2143, 'Col du Petit Mont Cenis', 'Bramans', '73'),
(2144, 'Lac de Fenestre', NULL, '06'),
(2145, 'La Barre au Nord', 'Frahier', '70'),
(2147, 'Forêt de la Faîte', 'Bruyères', '88'),
(2150, 'Le Fayé', 'Etueffont-Haut', '90'),
(2151, 'Vallée de la Gordolasque', 'Roquebillière', '06'),
(2152, 'Pignon', 'St-Jean-Pied-de-Port ', '64'),
(2154, 'Bois de la Perche', 'Pérouse', '90'),
(2155, 'Mont Vaudois', 'Héricourt', '70'),
(2156, 'Forêt de B. (Les Beusses)', 'Bessoncourt', '90'),
(2160, NULL, 'Fayet', '12'),
(2161, 'Entre-les-Fourgs', 'Jougne', '25'),
(2162, 'Versant Est', 'Soultzmatt', '68'),
(2166, NULL, 'Sénéchas', '30'),
(2167, 'Sahorre', 'Vernet-les-Bains', '66'),
(2168, 'Massif du Tanneron', NULL, '83'),
(2169, 'Forêt', 'Cerisy', '14'),
(2173, 'Bois du Procès', 'Joncherey', '90'),
(2175, 'Forêt de Montaud', 'Escoussens', '81'),
(2176, 'Forêt de Brassac', NULL, '09'),
(2177, 'Forêt de la Grésigne', NULL, '81'),
(2178, 'Col de Lizarrieta', 'Sare', '64'),
(2179, 'Vallon de l''Eychauda', 'Pelvoux', '05'),
(2181, 'Le Glaserberg', 'Winkel', '68'),
(2183, 'Le Magny', 'Joncherey', '90'),
(2186, NULL, 'St-Martin-Vésubie', '06'),
(2187, NULL, 'Riervescemont', '90'),
(2190, NULL, 'St-Aygulf', '83'),
(2195, 'La Forêt', 'Auxelles-Bas', '90'),
(2196, 'Bois de Stoeckete', 'Carspach', '68'),
(2200, 'Pré le Boeuf', 'Cunelières', '90'),
(2201, 'Ballon de St-Nicolas', 'Rougemont-le-Château', '90'),
(2202, 'Bois de Chèvremont', 'Petit-Croix', '90'),
(2203, 'Ballon Gunon', 'Lamadeleine-Val-des-A.', '90'),
(2211, 'Plage', 'Porquerolles', '83'),
(2212, 'Montagne de Buemont', 'Bruyères', '88'),
(2214, NULL, 'Longeville-sur-Mer', '85'),
(2222, 'Forêt du Nonnenbruch', 'Pfastatt', '68'),
(2223, 'Forêt de Bessoncourt', 'Foussemagne', '90'),
(2232, 'Etang des Cratsch', 'Foussemagne', '90'),
(2233, 'Piton d''Eloie', 'Eloie', '90'),
(2234, 'Bois Thériat', 'Boron', '90'),
(2238, 'Forêt de la Harth', 'Rixheim', '68'),
(2239, 'Le Favernot', 'Cunelières', '90'),
(2240, 'Massif du Rossberg', 'Masevaux', '68'),
(2243, 'Massif du Salbert', 'Essert', '90'),
(2244, 'Fort de la Côte', 'Essert', '90'),
(2246, 'Le Grandmont', 'Montbouton', '90'),
(2247, 'Forêt de Rothleible', 'Reguisheim', '68'),
(2248, 'Le Grand Bois', 'Le Russey', '25'),
(2249, 'Le Corbier', 'Villarembert', '73'),
(2250, 'Le Collet', 'Allevard', '38'),
(2251, 'Col de l''Izoard', 'Le Laus', '05'),
(2252, 'Col du Mont Cenis', 'Lans-le-Bourg', '73'),
(2253, 'Forêt', 'La Chapelle-du-Bard', '38'),
(2255, 'Vallée d''Eyne', NULL, '66'),
(2270, NULL, 'St-Fortunat-au-Mont-d''Or', '69'),
(2271, 'Le Bollenberg', 'Rouffach', '68'),
(2272, 'Forêt Hollard', 'Vandoncourt', '25'),
(2277, 'Le Bringard', 'Rougegoutte', '90'),
(2280, 'Forêt de St-André', 'Lamadeleine-Val-des-A.', '90'),
(2287, 'Le Monceau', 'Valdoie', '90'),
(2297, NULL, 'Séguret', '84'),
(2298, 'Bord de l''Agly', 'Le Barcarès', '66'),
(2299, 'Forêt de Janas', 'Toulon', '83'),
(2301, 'Colline de la Miotte', 'Belfort', '90'),
(2302, 'Raichêne', 'Foussemagne', '90'),
(2305, 'Baerenkopf', 'Lamadeleine-Val-des-A.', '90'),
(2306, '', 'La Londe-les-Maures', '83'),
(2311, 'Trou du Loup', 'Lamadeleine-Val-des-A.', '90'),
(2318, 'Les Prés Secs', 'Cunelières', '90'),
(2320, 'Buchwald', 'Manspach', '68'),
(2322, NULL, 'Collobrières', '83'),
(2328, 'Le Petit Bois', 'Frais', '90'),
(2329, 'Bois du Flandrier', 'Chavannes-les-Grands', '90'),
(2335, 'Route Joffre', 'Bourbach-le-Haut', '68'),
(2336, 'Fort Hatry', 'Belfort', '90'),
(2342, NULL, 'Grandvillers', '88'),
(2343, 'Col du Hundsrück', 'Bourbach-le-Haut', '68'),
(2344, 'Le Bollenberg', 'Westhalten', '68'),
(2349, 'Maison', 'Orliac', '24'),
(2352, NULL, 'Cambo-les-Bains', '64'),
(2353, NULL, 'Eyroles', '26'),
(2357, 'Forêt de Chizé', 'Marigny', '79'),
(2358, NULL, 'La Roquebrussanne', '83'),
(2362, 'Forêt de Sapins', 'Vescemont', '90'),
(2365, 'Combe de Mai', 'Essert', '90'),
(2367, 'Stade', 'Chèvremont', '90'),
(2371, 'Colline', 'Bormes-les-Mimosas', '83'),
(2373, 'Les Glacis', 'Belfort', '90'),
(2375, 'Bois de la Miotte', 'Belfort', '90'),
(2377, 'Bosquet de Saules', 'Petit-Croix', '90'),
(3035, 'Ballon d"Alsace', 'Sewen', '68'),
(2385, NULL, 'Le Pradet', '83'),
(2386, NULL, 'Le Pontet', '84'),
(2394, 'Ville (maison)', 'Bruyères', '88'),
(2397, 'La Forêt', 'La Chapelle-du-Bard', '38'),
(2399, 'Mont Roland', 'Dole', '39'),
(2411, 'Trémolat', 'Petit-Croix', '90'),
(2412, 'Forêt de la Voivre', 'Grandvillars', '90'),
(2417, 'Forêt de la Harth', 'Battenheim', '68'),
(2421, 'Les Bans', 'Chavannes-les-Grands', '90'),
(2424, 'Forêt de la Harth', 'Bantzenheim', '68'),
(2427, 'Canal', 'Montreux-Jeune', '68'),
(2445, 'Au Boichut', 'Bessoncourt', '90'),
(2447, NULL, 'Vallouise', '05'),
(2454, NULL, 'La Convertoirade', '12'),
(2455, 'Bord de vignes', 'La Londe-les-Maures', '83'),
(2458, 'Mont Novel', 'Montbouton', '90'),
(2462, 'Pré', 'Orliac', '24'),
(2464, 'Le Puigmal', 'Err', '66'),
(2465, 'Chalet Reynard', 'Bédouin', '84'),
(2467, NULL, 'St-Jean-de-Maurienne   ', '73'),
(2468, 'Bois', 'Vieux-Charmont', '25'),
(2473, 'Le Haut du Mont', 'Belfort', '90'),
(2475, NULL, 'Queyrières', '05'),
(2486, 'Fort de Planoise', 'Besançon', '25'),
(2487, 'Tour Ste-Agathe', 'Porquerolles', '83'),
(2488, NULL, 'Nahuja', '66'),
(2489, NULL, 'Giens', '83'),
(2490, 'Coupe de bois', 'Vieux-Charmont', '25'),
(2492, 'Laroque', 'Esclapon', '83'),
(2493, 'Forêt du Risoux', 'Morez', '39'),
(2494, 'La Coche', 'St-Agnan-en-Vercors', '26'),
(2498, 'Le Fays', 'Fontaine', '90'),
(2504, 'Le Coudrai', 'Essert', '90'),
(2506, 'Bois du Bas', 'Auxelles-Bas', '90'),
(2508, 'Forêt de la Joux', 'Supt', '39'),
(2512, 'Forêt de la Harth', 'Rumersheim', '68'),
(2516, 'Bois de la Brosse', 'Danjoutin', '90'),
(2522, 'Forêt du Chérimont', 'Lomont', '70'),
(2524, NULL, 'Marchaux', '25'),
(2529, 'Tête Hacquin', 'Lamadeleine-Val-des-A.', '90'),
(2530, 'Bord de route', 'Lamadeleine-Val-des-A.', '90'),
(2538, 'Mont Fenouillet', 'Hyères', '83'),
(2542, 'Massif du Salbert', 'Cravanche', '90'),
(2543, 'Bois de la Genevraie', 'St-Dizier-l''Evèque', '90'),
(2559, 'Coteau de la Justice', 'Belfort', '90'),
(2561, 'Pré', 'Riervescemont', '90'),
(2573, 'Promenade d''Essert', 'Belfort', '90'),
(2576, 'Le Haut Bois', 'Chavannes-sur-l''Etang', '68'),
(2580, 'Haut Paquis', 'Cunelières', '90'),
(2581, 'Bois', 'Brebotte', '90'),
(2585, 'Forêt de la Malune  ', 'Venanson', '06'),
(2586, NULL, 'Ste-Blaise', '05'),
(2589, NULL, 'Ainhoa', '64'),
(2590, 'Bois', 'Orliac', '24'),
(2605, 'Le Haut Bois', 'Valdieu-Lutran', '68'),
(2606, 'Bois de la Thure', 'Etobon', '70'),
(2613, 'Montagne de la Roche', 'La Roche-Morey', '70'),
(2614, 'Forêt de la Harth', 'Baldersheim', '68'),
(2616, 'Les Grands Bois', 'Vézelois', '90'),
(2618, 'Colline des Perches', 'Belfort', '90'),
(2620, 'Les Résidences', 'Belfort', '90'),
(2621, 'Valcros', 'La Londe-les-Maures', '83'),
(2622, NULL, 'Bonnieux', '84'),
(2625, 'Forêt du Nonnenbruch', 'Lütterbach', '68'),
(2626, 'Mont Brûlé', 'Lamadeleine-Val-des-A.', '90'),
(2629, 'Le Querty', 'Auxelles-Haut', '90'),
(2634, 'Bois de Fouchon', 'Bruyères', '88'),
(2638, 'Forêt de la Vaivre', 'Chaux', '90'),
(2639, 'Patûrage', 'Grosmagny', '90'),
(2641, 'Prés Couterus', 'Frahier', '70'),
(2649, 'Patûrage', 'St-Dizier-l''Evèque', '90'),
(2650, 'Patûrage', 'Orliac', '24'),
(2651, 'Col de Babaou', 'Bormes-les-Mimosas', '83'),
(2656, 'Les Grands Champs', 'Evette-Salbert', '90'),
(2658, 'Col de Gratteloup', 'Bormes-les-Mimosas', '83'),
(2660, 'Forêt de Normanvillars', 'Boron', '90'),
(2665, 'Le Thanner Hubel', 'Moosch', '68'),
(3034, 'Haute Bers', 'Rimbach-près-Masevaux', '68'),
(2676, 'Le Verdoyeux', 'Rougegoutte', '90'),
(2677, NULL, 'Tourrettes', '83'),
(2681, 'Forêt de Roppe', 'Offemont', '90'),
(2686, 'Forêt Hollard', 'Montbouton', '90'),
(2691, 'Col de Turini', 'L''Authion', '06'),
(2697, 'La Fennematt', 'Dolleren', '68'),
(2702, 'Montjoux', 'Besançon', '25'),
(2729, 'Prés', 'Petit-Croix', '90'),
(2731, 'Patûrage', 'St-Cyr-au-Mont d''Or', '69'),
(2739, 'Patûrage', 'St-Didier-au-Mont d''Or ', '69'),
(2744, NULL, 'St-Martin-de-Crau ', '13'),
(2747, NULL, 'St-Maurice-d''-Ardèche', '07'),
(2751, 'Patûrage', 'Petit-Croix', '90'),
(2754, 'Goutte des Canals', 'Riervescemont', '90'),
(2757, 'Mont Ursuya', 'Macaye', '64'),
(2762, NULL, 'La Rhune', '64'),
(2778, 'Combe la Dame', 'Cravanche', '90'),
(2784, 'Colline', 'St-Cyr-au-Mont d''Or', '69'),
(2786, 'Dunes', 'Le Grau-du-Roi', '30'),
(2787, 'Presqu''île de Giens', 'La Capte', '83'),
(2788, NULL, 'La Môle', '83'),
(2789, 'Pont du Gau', 'Stes-Maries-de-la-Mer', '13'),
(2794, 'Champs du Noyer', 'Essert', '90'),
(2803, NULL, 'La Grande Motte', '34'),
(2806, 'Patûrage', 'Cogolin', '83'),
(2816, 'Bois de l''Ordon Jean', 'Châlonvillars', '70'),
(2823, 'Patûrage', 'Prats-du-Périgord', '24'),
(2824, 'Pont du Gard', 'Remoulins', '30'),
(2825, 'Plaine de la Courtade', 'Porquerolles', '83'),
(2826, 'Chemin de Vincennes', 'Cabasson', '83'),
(2827, NULL, 'Riboux', '83'),
(2832, 'Patûrage', 'Dieudet', '24'),
(2837, 'Forêt', 'Orliac', '24'),
(2842, 'Lac Ste-Anne', 'Ceillac', '05'),
(2850, 'Col des Chevrères', 'Belfahy', '70'),
(2855, NULL, 'Le Poët-Sigillat', '26'),
(2860, 'Dunes', 'Carnon-Plage', '34'),
(2861, NULL, 'St-Saturnin-d''Apt', '84'),
(2864, 'Col de Vars', 'St-Paul', '04'),
(2865, 'Colline des Perches', 'Pérouse', '90'),
(2869, 'Bois de la Brosse', 'Vézelois', '90'),
(2874, NULL, 'Comps-sur-Artuby', '83'),
(2875, 'Combe de Vaumale', 'Murs', '84'),
(2876, NULL, 'Vias', '34'),
(2877, 'Bord de Mer', 'Biscarosse', '40'),
(2878, 'La Grière', 'La Tranche-sur-Mer', '85'),
(2879, NULL, 'Biscarosse', '40'),
(2880, 'Arrière-plage', 'Mimizan-Plage', '40'),
(2881, 'Terrain de camping', 'Le Barcarès', '66'),
(2903, NULL, 'Cocures', '48'),
(2905, NULL, 'Ste-Baume', '83'),
(2906, 'Dunes', 'Sérignan-Plage', '34'),
(2916, NULL, 'Les Aiguilles', '30'),
(2919, 'Ville', 'Port-Barcarès', '66'),
(2925, 'Village', 'Chavannes-les-Grands', '90'),
(2926, 'Village (route)', 'Cunelières', '90'),
(2937, 'Le Haut Bois', 'Bessoncourt', '90'),
(2941, 'Pont de l''Artuby', 'Trigance', '83'),
(2951, 'Forêt de la Harth', 'Hombourg', '68'),
(2954, 'Forêt de la Harth', 'Sierentz', '68'),
(2963, NULL, 'Lento', '2B'),
(2966, NULL, 'Longeville-sur-Mer', '85'),
(2971, 'Clairière', 'Orliac', '24'),
(2972, NULL, 'Arras-en-Lavedan', '65'),
(2976, 'Château de Bournel', 'Cubrial', '25'),
(2991, NULL, 'St-Paul-en-Forêt', '83'),
(2992, 'Ville (rue)', 'Le Lavandou', '83'),
(2993, 'Les Essarts', 'Valentigney', '25'),
(2997, 'Colline', 'Leucate', '11'),
(3004, 'Lisière de forêt', 'Orliac', '24'),
(3006, 'Col des Perches', 'Rimbach-près-Masevaux', '68'),
(3013, 'Entre les Gouttes', 'Montreux-Château', '90'),
(3015, 'Le Fays', 'Vellevans', '25'),
(3017, 'Les Iscles de Notre Dame', 'Vinon-sur-Verdon', '83'),
(3018, NULL, 'Laprade', '11'),
(3019, 'Saint-Pierre', 'Villanières', '11'),
(3020, 'Camp de César', 'Lavilledieu', '07'),
(3021, 'Le Gras', 'Lanas', '07'),
(3022, 'Route Royale', 'Rochecolombe', '07'),
(3023, 'Matagu', 'Rochecolombe', '07'),
(3024, 'Ville (Collège)', 'Masevaux', '68'),
(3025, 'Les Cléments', 'Lans-en-Vercors', '38'),
(3026, 'Gréaulou', 'Lavelanet', '09'),
(3028, 'Forêt de Sorède', 'La Forge', '66'),
(3029, '', 'Bormes-les-Mimosas', '83'),
(3030, '', 'Orliac', '24'),
(3031, 'Chemin du Grand Langoustier', 'Porquerolles', '83'),
(3032, '', 'Stes-Maries-de-la-Mer', '13'),
(3036, 'Forêt de la Massane', 'Collioure', '66'),
(3037, 'Village', 'Aiguines', '83'),
(3038, 'Château Laval', 'Gréoux-les-Bains', '04'),
(3039, 'Le Bas de Quaix', 'Quaix-en-Chartreuse', '38'),
(3040, 'Bois de Paîolive', 'Les Vans', '07'),
(3041, 'Les Chambrettes', 'Lablachère', '07'),
(3042, 'Ravin de Laval', 'Gréoux-les-Bains', '04'),
(3043, 'Chapelle Ste Maxime', 'Quinson', '04'),
(3044, 'Chemin de Malivert', 'Puyloubier', '13'),
(3045, 'Cardonnet-Eglise', 'Aumelas', '34'),
(3046, 'Le Cros d''Auzon', 'St-Maurice-d''Ardèche', '07'),
(3047, 'Payanet', 'St-Martin-de-Bromes', '04'),
(3048, 'Bois du Chênois', 'Delle', '90'),
(3049, 'Les Noues', 'Larivière', '90'),
(3050, 'Montagne de Lure ', 'Cruis', '04'),
(3051, 'Le Paneyron', 'St Paul-sur-Ubaye', '04'),
(3052, 'Côte d''Andelarre', 'Andelarre', '70'),
(3053, 'Les Cerisiers', 'Dampierre-sur-le-Doubs', '25'),
(3054, 'Le Belvédère', 'Beaumont-du-Ventoux', '84'),
(3055, 'Ville', 'Notre- Dame-de-Monts', '85'),
(3056, 'La Cathédrale', 'Senez', '04'),
(3057, '', 'Niederhaslach', '67'),
(3058, ' Forêt de Sarre', 'Sarre', '64'),
(3059, 'Bois de la Côtotte', 'Andelarre', '70'),
(3060, '', 'St André-les-Alpes', '04'),
(3061, 'Puy de Rent', 'Annot', '04'),
(3062, 'Bois de l''Homme Mort', 'Gézier-et-Fontenelay', '70'),
(3063, 'Bois la Grande Charme', 'Gézier-et-Fontenelay', '70'),
(3064, 'Le Grand Mont', 'Recologne-les-Rioz', '70'),
(3065, 'Côte d"Andelarrot', 'Andelarrot', '70'),
(3066, 'Bois(Hauts des Bourbets)', 'Châtenois-les-Forges', '90'),
(3067, 'Bois(Les Hautes Feuillées)', 'Châtenois-les-Forges', '90'),
(3068, 'Lac d''Ansabère', 'Lescun', '64'),
(3069, 'Gare Viotte', 'Besançon', '25'),
(3070, 'Mont Bloizeau', 'Noroy-le-Bourg', '70'),
(3071, '', 'Mas de Londres', '34'),
(3072, 'Saint-Martin', 'L''Albère', '66'),
(3073, 'Forêt de Notre-Dame', 'Noiseau', '94'),
(3074, 'Pâture', 'Notre-Dame-de-Monts', '85'),
(3075, 'Plateau de Pertusato', 'Bonifacio', '2A'),
(3076, 'Lac de Melo', 'Corte', '2B'),
(3077, 'Bord de la Têt', 'Baho', '66');

